<window>
    <allowoverlay>no</allowoverlay>
    <zorder>1</zorder>
    <defaultcontrol>120</defaultcontrol>
    <animation effect="fade" time="200" start="0" end="100">WindowOpen</animation>
    <animation effect="fade" time="200" start="100" end="0">WindowClose</animation>

    <coordinates>
        <system>1</system>
        <posx>0</posx>
        <posy>0</posy>
    </coordinates>

    <controls>
        <include>Dialog_Popup_Background</include>
		<control type="group">
			<include>Dialog_Popup_Animation</include>
			<posx>168</posx>
			<posy>156</posy>
			<control type="image">
				<description>dialog background</description>
				<posx>0</posx>
				<posy>0</posy>
				<width>943</width>
				<height>520</height>
				<texture>backgrounds/background.png</texture>
			</control>
			<control type="label">
				<description>heading label</description>
				<posx>25</posx>
				<posy>30</posy>
				<width>940</width>
				<height>30</height>
				<align>left</align>
				<aligny>center</aligny>
				<font>light28</font>
				<label>Channel Rules</label>
				<textcolor>white</textcolor>
			</control>
			<control type="image">
				<posx>25</posx>
				<posy>275</posy>
				<width>220</width>
				<height>220</height>
				<aspectratio>keep</aspectratio>
				<texture>DefaultAddon.png</texture>
				<visible>IsEmpty(ListItem.Thumb)</visible>
			</control>
		</control>

        <control type="group" id="105">
            <posx>438</posx>
            <posy>226</posy>
            <width>640</width>
            <height>600</height>

            <control type="group" id="104">
                <control type="button" id="120">
                    <description>Rule Entry 1</description>
                    <posx>0</posx>
                    <posy>40</posy>
                    <textcolor>white</textcolor>
					<focusedcolor>black</focusedcolor>
                    <ondown>121</ondown>
                    <width>640</width>
                    <height>44</height>
					<texturefocus>views/line_frame_device_white.png</texturefocus>
					<texturenofocus>views/list_frame_device.png</texturenofocus>
                    <visible allowhiddenfocus="true">Control.HasFocus(120) | ![StringCompare(Window.Property(itempress),120) | StringCompare(Window.Property(itempress),121) | StringCompare(Window.Property(itempress),122) | StringCompare(Window.Property(itempress),123) | StringCompare(Window.Property(itempress),124) | StringCompare(Window.Property(itempress),125) | StringCompare(Window.Property(itempress),126)]</visible>
                    <onclick>SetProperty(itempress,120)</onclick>
                    <onclick>SetFocus(130)</onclick>
                </control>

                <control type="button" id="121">
                    <description>Rule Entry 2</description>
                    <posx>0</posx>
                    <posy>85</posy>
                    <textcolor>white</textcolor>
					<focusedcolor>black</focusedcolor>
                    <onup>120</onup>
                    <ondown>122</ondown>
                    <width>640</width>
                    <height>44</height>
					<texturefocus>views/line_frame_device_white.png</texturefocus>
					<texturenofocus>views/list_frame_device.png</texturenofocus>
                    <visible>![StringCompare(Window.Property(itempress),120) | StringCompare(Window.Property(itempress),121) | StringCompare(Window.Property(itempress),122) | StringCompare(Window.Property(itempress),123) | StringCompare(Window.Property(itempress),124) | StringCompare(Window.Property(itempress),125) | StringCompare(Window.Property(itempress),126)]</visible>
                    <onclick>SetProperty(itempress,121)</onclick>
                    <onclick>SetFocus(130)</onclick>
                </control>

                <control type="button" id="122">
                    <description>Rule Entry 3</description>
                    <posx>0</posx>
                    <posy>130</posy>
                    <textcolor>white</textcolor>
					<focusedcolor>black</focusedcolor>
                    <onup>121</onup>
                    <ondown>123</ondown>
                    <width>640</width>
                    <height>44</height>
					<texturefocus>views/line_frame_device_white.png</texturefocus>
					<texturenofocus>views/list_frame_device.png</texturenofocus>
                    <visible>![StringCompare(Window.Property(itempress),120) | StringCompare(Window.Property(itempress),121) | StringCompare(Window.Property(itempress),122) | StringCompare(Window.Property(itempress),123) | StringCompare(Window.Property(itempress),124) | StringCompare(Window.Property(itempress),125) | StringCompare(Window.Property(itempress),126)]</visible>
                    <onclick>SetProperty(itempress,122)</onclick>
                    <onclick>SetFocus(130)</onclick>
                </control>

                <control type="button" id="123">
                    <description>Rule Entry 4</description>
                    <posx>0</posx>
                    <posy>175</posy>
                    <textcolor>white</textcolor>
					<focusedcolor>black</focusedcolor>
                    <onup>122</onup>
                    <ondown>124</ondown>
                    <width>640</width>
                    <height>44</height>
					<texturefocus>views/line_frame_device_white.png</texturefocus>
					<texturenofocus>views/list_frame_device.png</texturenofocus>
                    <visible>![StringCompare(Window.Property(itempress),120) | StringCompare(Window.Property(itempress),121) | StringCompare(Window.Property(itempress),122) | StringCompare(Window.Property(itempress),123) | StringCompare(Window.Property(itempress),124) | StringCompare(Window.Property(itempress),125) | StringCompare(Window.Property(itempress),126)]</visible>
                    <onclick>SetProperty(itempress,123)</onclick>
                    <onclick>SetFocus(130)</onclick>
                </control>

                <control type="button" id="124">
                    <description>Rule Entry 5</description>
                    <posx>0</posx>
                    <posy>220</posy>
                    <textcolor>white</textcolor>
					<focusedcolor>black</focusedcolor>
                    <onup>123</onup>
                    <ondown>125</ondown>
                    <width>640</width>
                    <height>44</height>
					<texturefocus>views/line_frame_device_white.png</texturefocus>
					<texturenofocus>views/list_frame_device.png</texturenofocus>
                    <visible>![StringCompare(Window.Property(itempress),120) | StringCompare(Window.Property(itempress),121) | StringCompare(Window.Property(itempress),122) | StringCompare(Window.Property(itempress),123) | StringCompare(Window.Property(itempress),124) | StringCompare(Window.Property(itempress),125) | StringCompare(Window.Property(itempress),126)]</visible>
                    <onclick>SetProperty(itempress,124)</onclick>
                    <onclick>SetFocus(130)</onclick>
                </control>

                <control type="button" id="125">
                    <description>Rule Entry 6</description>
                    <posx>0</posx>
                    <posy>265</posy>
                    <textcolor>white</textcolor>
					<focusedcolor>black</focusedcolor>
                    <onup>124</onup>
                    <ondown>126</ondown>
                    <width>640</width>
                    <height>44</height>
					<texturefocus>views/line_frame_device_white.png</texturefocus>
					<texturenofocus>views/list_frame_device.png</texturenofocus>
                    <visible>![StringCompare(Window.Property(itempress),120) | StringCompare(Window.Property(itempress),121) | StringCompare(Window.Property(itempress),122) | StringCompare(Window.Property(itempress),123) | StringCompare(Window.Property(itempress),124) | StringCompare(Window.Property(itempress),125) | StringCompare(Window.Property(itempress),126)]</visible>
                    <onclick>SetProperty(itempress,125)</onclick>
                    <onclick>SetFocus(130)</onclick>
                </control>

                <control type="button" id="126">
                    <description>Rule Entry 7</description>
                    <posx>0</posx>
                    <posy>310</posy>
                    <textcolor>white</textcolor>
					<focusedcolor>black</focusedcolor>
                    <onup>125</onup>
                    <width>640</width>
                    <height>44</height>
					<texturefocus>views/line_frame_device_white.png</texturefocus>
					<texturenofocus>views/list_frame_device.png</texturenofocus>
                    <visible>![StringCompare(Window.Property(itempress),120) | StringCompare(Window.Property(itempress),121) | StringCompare(Window.Property(itempress),122) | StringCompare(Window.Property(itempress),123) | StringCompare(Window.Property(itempress),124) | StringCompare(Window.Property(itempress),125) | StringCompare(Window.Property(itempress),126)]</visible>
                    <onclick>SetProperty(itempress,126)</onclick>
                    <onclick>SetFocus(130)</onclick>
                </control>

                <control type="button" id="130">
                    <description>Rule for editing</description>
                    <posx>0</posx>
                    <posy>40</posy>
                    <textcolor>white</textcolor>
					<focusedcolor>black</focusedcolor>
                    <ondown>102</ondown>
                    <width>640</width>
                    <height>44</height>
					<texturefocus>views/line_frame_device_white.png</texturefocus>
					<texturenofocus>views/list_frame_device.png</texturenofocus>
                    <onclick>SetProperty(itempress,100)</onclick>
                    <onclick>SetFocus(120)</onclick>
                    <visible allowhiddenfocus="true">Control.HasFocus(130) | StringCompare(Window.Property(itempress),120) | StringCompare(Window.Property(itempress),121) | StringCompare(Window.Property(itempress),122) | StringCompare(Window.Property(itempress),123) | StringCompare(Window.Property(itempress),124) | StringCompare(Window.Property(itempress),125) | StringCompare(Window.Property(itempress),126)</visible>

                    <animation condition="StringCompare(Window.Property(itempress),121)" reversible="false">
                        <effect type="slide" start="0,35" time="500" />
                    </animation>

                    <animation condition="StringCompare(Window.Property(itempress),122)" reversible="false">
                        <effect type="slide" start="0,70" time="500" />
                    </animation>

                    <animation condition="StringCompare(Window.Property(itempress),123)" reversible="false">
                        <effect type="slide" start="0,105" time="500" />
                    </animation>

                    <animation condition="StringCompare(Window.Property(itempress),124)" reversible="false">
                        <effect type="slide" start="0,140" time="500" />
                    </animation>

                    <animation condition="StringCompare(Window.Property(itempress),125)" reversible="false">
                        <effect type="slide" start="0,175" time="500" />
                    </animation>

                    <animation condition="StringCompare(Window.Property(itempress),126)" reversible="false">
                        <effect type="slide" start="0,210" time="500" />
                    </animation>
                </control>

                <control type="group" id="102">
                    <description>Controls for editing</description>
                    <posx>0</posx>
                    <posy>85</posy>
                    <width>640</width>
                    <height>600</height>
                    <visible>StringCompare(Window.Property(itempress),120) | StringCompare(Window.Property(itempress),121) | StringCompare(Window.Property(itempress),122) | StringCompare(Window.Property(itempress),123) | StringCompare(Window.Property(itempress),124) | StringCompare(Window.Property(itempress),125) | StringCompare(Window.Property(itempress),126)</visible>

                    <animation condition="StringCompare(Window.Property(itempress),120)" reversible="false">
                        <effect type="slide" start="0,30" time="500" />
                        <effect type="zoom" start="100,0" time="500" />
                    </animation>

                    <animation condition="StringCompare(Window.Property(itempress),121)" reversible="false">
                        <effect type="slide" start="0,65" time="500" />
                        <effect type="zoom" start="100,0" time="500" />
                    </animation>

                    <animation condition="StringCompare(Window.Property(itempress),122)" reversible="false">
                        <effect type="slide" start="0,100" time="500" />
                        <effect type="zoom" start="100,0" time="500" />
                    </animation>

                    <animation condition="StringCompare(Window.Property(itempress),123)" reversible="false">
                        <effect type="slide" start="0,135" time="500" />
                        <effect type="zoom" start="100,0" time="500" />
                    </animation>

                    <animation condition="StringCompare(Window.Property(itempress),124)" reversible="false">
                        <effect type="slide" start="0,170" time="500" />
                        <effect type="zoom" start="100,0" time="500" />
                    </animation>

                    <animation condition="StringCompare(Window.Property(itempress),125)" reversible="false">
                        <effect type="slide" start="0,205" time="500" />
                        <effect type="zoom" start="100,0" time="500" />
                    </animation>

                    <animation condition="StringCompare(Window.Property(itempress),126)" reversible="false">
                        <effect type="slide" start="0,240" time="500" />
                        <effect type="zoom" start="100,0" time="500" />
                    </animation>

                    <control type="button" id="131">
                        <posx>0</posx>
                        <posy>10</posy>
                        <width>640</width>
                        <height>44</height>
						<texturefocus>views/line_frame_device_white.png</texturefocus>
						<texturenofocus>views/list_frame_device.png</texturenofocus>
                        <align>center</align>
                        <textcolor>white</textcolor>
						<focusedcolor>black</focusedcolor>
                        <onup>130</onup>
                        <ondown>160</ondown>
                    </control>
					
					<control type="group">
						<posy>50</posy>
						<control type="label" id="150">
							<posx>10</posx>
							<posy>65</posy>
							<width>320</width>
							<height>30</height>
							<align>left</align>
							<font>font13</font>
							<textcolor>green</textcolor>
						</control>

						<control type="label" id="151">
							<posx>340</posx>
							<posy>65</posy>
							<width>310</width>
							<height>30</height>
							<align>left</align>
							<font>font13</font>
							<textcolor>green</textcolor>
						</control>


						<control type="label" id="152">
							<posx>10</posx>
							<posy>145</posy>
							<width>320</width>
							<height>30</height>
							<align>left</align>
							<font>font13</font>
							<textcolor>green</textcolor>
						</control>

						<control type="label" id="153">
							<posx>340</posx>
							<posy>145</posy>
							<width>320</width>
							<height>30</height>
							<align>left</align>
							<font>font13</font>
							<textcolor>green</textcolor>
						</control>

						<control type="button" id="160">
							<posx>0</posx>
							<posy>100</posy>
							<width>310</width>
							<height>44</height>
							<texturefocus>views/line_frame_device_white.png</texturefocus>
							<texturenofocus>views/list_frame_device.png</texturenofocus>
							<align>center</align>
							<onup>131</onup>
							<ondown>162</ondown>
							<onright>161</onright>
							<textcolor>white</textcolor>
							<focusedcolor>black</focusedcolor>
						</control>

						<control type="button" id="161">
							<posx>330</posx>
							<posy>100</posy>
							<width>310</width>
							<height>44</height>
							<texturefocus>views/line_frame_device_white.png</texturefocus>
							<texturenofocus>views/list_frame_device.png</texturenofocus>
							<align>center</align>
							<onup>131</onup>
							<ondown>163</ondown>
							<onleft>160</onleft>
							<onright>162</onright>
							<textcolor>white</textcolor>
							<focusedcolor>black</focusedcolor>
						</control>

						<control type="button" id="162">
							<posx>0</posx>
							<posy>180</posy>
							<width>310</width>
							<height>44</height>
							<texturefocus>views/line_frame_device_white.png</texturefocus>
							<texturenofocus>views/list_frame_device.png</texturenofocus>
							<align>center</align>
							<onup>160</onup>
							<onright>163</onright>
							<onleft>161</onleft>
							<textcolor>white</textcolor>
							<focusedcolor>black</focusedcolor>
						</control>

						<control type="button" id="163">
							<posx>330</posx>
							<posy>180</posy>
							<width>310</width>
							<height>44</height>
							<texturefocus>views/line_frame_device_white.png</texturefocus>
							<texturenofocus>views/list_frame_device.png</texturenofocus>
							<align>center</align>
							<onup>161</onup>
							<onleft>162</onleft>
							<textcolor>white</textcolor>
							<focusedcolor>black</focusedcolor>
						</control>
						
						<control type="image" id="170">
							<description>Down arrow when there are more controls for a rule</description>
							<posx>309</posx>
							<posy>235</posy>
							<width>20</width>
							<height>20</height>
							<texture>icons/settings_arrow_button_down.png</texture>
						</control>
                    
						<control type="image" id="171">
							<description>Up arrow when there are more controls for a rule</description>
							<posx>309</posx>
							<posy>35</posy>
							<width>20</width>
							<height>20</height>
							<texture>icons/settings_arrow_button_up.png</texture>
						</control>
					</control>
                </control>
            </control>
        </control>
    </controls>
</window>
