<?xml version="1.0" encoding="UTF-8"?>
<window>
    <allowoverlay>no</allowoverlay>
    <zorder>1</zorder>
    <defaultcontrol>120</defaultcontrol>
    <include>dialogeffect</include>
    <controls>
        <control type="image">
            <left>240</left>
            <top>60</top>
			<width>800</width>
			<height>600</height>
			<texture border="40">DialogBack.png</texture>
        </control>
        <control type="image">
			<description>Dialog Header image</description>
			<left>280</left>
			<top>76</top>
			<width>720</width>
			<height>40</height>
			<texture>dialogheader.png</texture>
		</control>             
        <control type="label">
            <left>280</left>
			<top>80</top>
			<width>720</width>
			<height>30</height>
			<font>font13_title</font>
            <label>$LOCALIZE[10038] $LOCALIZE[19029] $LOCALIZE[5]</label>
            <align>center</align>
			<aligny>center</aligny>
			<textcolor>selected</textcolor>
			<shadowcolor>black</shadowcolor>
        </control>

        <control type="group" id="105">
            <left>240</left>
            <top>140</top>
			<width>720</width>
			<height>455</height>

            

            <control type="group" id="104">
                <control type="button" id="120">
                    <description>Rule Entry 1</description>
                    <left>40</left>
                    <top>0</top>
                    <textcolor>white</textcolor>
                    <ondown>121</ondown>
                    <width>720</width>
                    <height>40</height>
                    <texturefocus border="5">button-focus2.png</texturefocus>
                    <texturenofocus border="5">button-nofocus.png</texturenofocus>
                    <visible allowhiddenfocus="true">Control.HasFocus(120) | ![StringCompare(Window.Property(itempress),120) | StringCompare(Window.Property(itempress),121) | StringCompare(Window.Property(itempress),122) | StringCompare(Window.Property(itempress),123) | StringCompare(Window.Property(itempress),124) | StringCompare(Window.Property(itempress),125) | StringCompare(Window.Property(itempress),126)]</visible>
                    <onclick>SetProperty(itempress,120)</onclick>
                    <onclick>SetFocus(130)</onclick>
                </control>

                <control type="button" id="121">
                    <description>Rule Entry 2</description>
                    <left>40</left>
                    <top>45</top>
                    <textcolor>white</textcolor>
                    <onup>120</onup>
                    <ondown>122</ondown>
                    <width>720</width>
                    <height>40</height>
                    <texturefocus border="5">button-focus2.png</texturefocus>
                    <texturenofocus border="5">button-nofocus.png</texturenofocus>
                    <visible>![StringCompare(Window.Property(itempress),120) | StringCompare(Window.Property(itempress),121) | StringCompare(Window.Property(itempress),122) | StringCompare(Window.Property(itempress),123) | StringCompare(Window.Property(itempress),124) | StringCompare(Window.Property(itempress),125) | StringCompare(Window.Property(itempress),126)]</visible>
                    <onclick>SetProperty(itempress,121)</onclick>
                    <onclick>SetFocus(130)</onclick>
                </control>

                <control type="button" id="122">
                    <description>Rule Entry 3</description>
                    <left>40</left>
                    <top>90</top>
                    <textcolor>white</textcolor>
                    <onup>121</onup>
                    <ondown>123</ondown>
                    <width>720</width>
                    <height>40</height>
                    <texturefocus border="5">button-focus2.png</texturefocus>
                    <texturenofocus border="5">button-nofocus.png</texturenofocus>
                    <visible>![StringCompare(Window.Property(itempress),120) | StringCompare(Window.Property(itempress),121) | StringCompare(Window.Property(itempress),122) | StringCompare(Window.Property(itempress),123) | StringCompare(Window.Property(itempress),124) | StringCompare(Window.Property(itempress),125) | StringCompare(Window.Property(itempress),126)]</visible>
                    <onclick>SetProperty(itempress,122)</onclick>
                    <onclick>SetFocus(130)</onclick>
                </control>

                <control type="button" id="123">
                    <description>Rule Entry 4</description>
                    <left>40</left>
                    <top>135</top>
                    <textcolor>white</textcolor>
                    <onup>122</onup>
                    <ondown>124</ondown>
                    <width>720</width>
                    <height>40</height>
                    <texturefocus border="5">button-focus2.png</texturefocus>
                    <texturenofocus border="5">button-nofocus.png</texturenofocus>
                    <visible>![StringCompare(Window.Property(itempress),120) | StringCompare(Window.Property(itempress),121) | StringCompare(Window.Property(itempress),122) | StringCompare(Window.Property(itempress),123) | StringCompare(Window.Property(itempress),124) | StringCompare(Window.Property(itempress),125) | StringCompare(Window.Property(itempress),126)]</visible>
                    <onclick>SetProperty(itempress,123)</onclick>
                    <onclick>SetFocus(130)</onclick>
                </control>

                <control type="button" id="124">
                    <description>Rule Entry 5</description>
                    <left>40</left>
                    <top>180</top>
                    <textcolor>white</textcolor>
                    <onup>123</onup>
                    <ondown>125</ondown>
                    <width>720</width>
                    <height>40</height>
                    <texturefocus border="5">button-focus2.png</texturefocus>
                    <texturenofocus border="5">button-nofocus.png</texturenofocus>
                    <visible>![StringCompare(Window.Property(itempress),120) | StringCompare(Window.Property(itempress),121) | StringCompare(Window.Property(itempress),122) | StringCompare(Window.Property(itempress),123) | StringCompare(Window.Property(itempress),124) | StringCompare(Window.Property(itempress),125) | StringCompare(Window.Property(itempress),126)]</visible>
                    <onclick>SetProperty(itempress,124)</onclick>
                    <onclick>SetFocus(130)</onclick>
                </control>

                <control type="button" id="125">
                    <description>Rule Entry 6</description>
                    <left>40</left>
                    <top>225</top>
                    <textcolor>white</textcolor>
                    <onup>124</onup>
                    <ondown>126</ondown>
                    <width>720</width>
                    <height>40</height>
                    <texturefocus border="5">button-focus2.png</texturefocus>
                    <texturenofocus border="5">button-nofocus.png</texturenofocus>
                    <visible>![StringCompare(Window.Property(itempress),120) | StringCompare(Window.Property(itempress),121) | StringCompare(Window.Property(itempress),122) | StringCompare(Window.Property(itempress),123) | StringCompare(Window.Property(itempress),124) | StringCompare(Window.Property(itempress),125) | StringCompare(Window.Property(itempress),126)]</visible>
                    <onclick>SetProperty(itempress,125)</onclick>
                    <onclick>SetFocus(130)</onclick>
                </control>

                <control type="button" id="126">
                    <description>Rule Entry 7</description>
                    <left>40</left>
                    <top>270</top>
                    <textcolor>white</textcolor>
                    <onup>125</onup>
                    <width>720</width>
                    <height>40</height>
                    <texturefocus border="5">button-focus2.png</texturefocus>
                    <texturenofocus border="5">button-nofocus.png</texturenofocus>
                    <visible>![StringCompare(Window.Property(itempress),120) | StringCompare(Window.Property(itempress),121) | StringCompare(Window.Property(itempress),122) | StringCompare(Window.Property(itempress),123) | StringCompare(Window.Property(itempress),124) | StringCompare(Window.Property(itempress),125) | StringCompare(Window.Property(itempress),126)]</visible>
                    <onclick>SetProperty(itempress,126)</onclick>
                    <onclick>SetFocus(130)</onclick>
                </control>

                <control type="button" id="130">
                    <description>Rule for editing</description>
                    <left>40</left>
                    <top>0</top>
                    <textcolor>white</textcolor>
                    <ondown>102</ondown>
                    <width>720</width>
                    <height>40</height>
                    <texturefocus border="5">button-focus2.png</texturefocus>
                    <texturenofocus border="5">button-nofocus.png</texturenofocus>
                    <onclick>SetProperty(itempress,100)</onclick>
                    <onclick>SetFocus(120)</onclick>
                    <visible allowhiddenfocus="true">Control.HasFocus(130) | StringCompare(Window.Property(itempress),120) | StringCompare(Window.Property(itempress),121) | StringCompare(Window.Property(itempress),122) | StringCompare(Window.Property(itempress),123) | StringCompare(Window.Property(itempress),124) | StringCompare(Window.Property(itempress),125) | StringCompare(Window.Property(itempress),126)</visible>

                    <animation condition="StringCompare(Window.Property(itempress),121)" reversible="false">
                        <effect type="slide" start="0,35" time="500" />
                    </animation>

                    <animation condition="StringCompare(Window.Property(itempress),122)" reversible="false">
                        <effect type="slide" start="0,70" time="500" />
                    </animation>

                    <animation condition="StringCompare(Window.Property(itempress),123)" reversible="false">
                        <effect type="slide" start="0,105" time="500" />
                    </animation>

                    <animation condition="StringCompare(Window.Property(itempress),124)" reversible="false">
                        <effect type="slide" start="0,140" time="500" />
                    </animation>

                    <animation condition="StringCompare(Window.Property(itempress),125)" reversible="false">
                        <effect type="slide" start="0,175" time="500" />
                    </animation>

                    <animation condition="StringCompare(Window.Property(itempress),126)" reversible="false">
                        <effect type="slide" start="0,210" time="500" />
                    </animation>
                </control>

                <control type="group" id="102">
                    <description>Controls for editing</description>
                    <left>40</left>
                    <top>45</top>
                    <width>720</width>
                    <height>455</height>
                    <visible>StringCompare(Window.Property(itempress),120) | StringCompare(Window.Property(itempress),121) | StringCompare(Window.Property(itempress),122) | StringCompare(Window.Property(itempress),123) | StringCompare(Window.Property(itempress),124) | StringCompare(Window.Property(itempress),125) | StringCompare(Window.Property(itempress),126)</visible>

                    <animation condition="StringCompare(Window.Property(itempress),120)" reversible="false">
                        <effect type="slide" start="0,30" time="500" />
                        <effect type="zoom" start="100,0" time="500" />
                    </animation>

                    <animation condition="StringCompare(Window.Property(itempress),121)" reversible="false">
                        <effect type="slide" start="0,65" time="500" />
                        <effect type="zoom" start="100,0" time="500" />
                    </animation>

                    <animation condition="StringCompare(Window.Property(itempress),122)" reversible="false">
                        <effect type="slide" start="0,100" time="500" />
                        <effect type="zoom" start="100,0" time="500" />
                    </animation>

                    <animation condition="StringCompare(Window.Property(itempress),123)" reversible="false">
                        <effect type="slide" start="0,135" time="500" />
                        <effect type="zoom" start="100,0" time="500" />
                    </animation>

                    <animation condition="StringCompare(Window.Property(itempress),124)" reversible="false">
                        <effect type="slide" start="0,170" time="500" />
                        <effect type="zoom" start="100,0" time="500" />
                    </animation>

                    <animation condition="StringCompare(Window.Property(itempress),125)" reversible="false">
                        <effect type="slide" start="0,205" time="500" />
                        <effect type="zoom" start="100,0" time="500" />
                    </animation>

                    <animation condition="StringCompare(Window.Property(itempress),126)" reversible="false">
                        <effect type="slide" start="0,240" time="500" />
                        <effect type="zoom" start="100,0" time="500" />
                    </animation>

                    <control type="image">
                        <description>Border for editing controls</description>
                        <left>0</left>
                        <top>5</top>
                        <width>720</width>
                        <height>430</height>
                        <description>Background</description>
                        <texture border="40">button-nofocus.png</texture>
                    </control>

                    <control type="button" id="131">
                        <left>10</left>
                        <top>15</top>
                        <width>700</width>
                        <height>40</height>
                        <align>center</align>
                        <textcolor>white</textcolor>
                        <onup>130</onup>
                        <ondown>160</ondown>
                    </control>

                    <control type="label" id="150">
                        <left>30</left>
                        <top>70</top>
                        <width>300</width>
                        <height>35</height>
                        <font>font13_title</font>
                        <textcolor>blue</textcolor>
                        <shadowcolor>black</shadowcolor>
                        <align>center</align>
                    </control>

                    <control type="label" id="151">
                        <right>30</right>
                        <top>70</top>
                        <width>300</width>
                        <height>35</height>
                        <font>font13_title</font>
                        <textcolor>blue</textcolor>
                        <shadowcolor>black</shadowcolor>
                        <align>center</align>
                    </control>


                    <control type="label" id="152">
                        <left>30</left>
                        <top>160</top>
                        <width>300</width>
                        <height>35</height>
                        <font>font13_title</font>
                        <textcolor>blue</textcolor>
                        <shadowcolor>black</shadowcolor>
                        <align>center</align>
                    </control>

                    <control type="label" id="153">
                        <right>30</right>
                        <top>160</top>
                        <width>300</width>
                        <height>35</height>
                        <font>font13_title</font>
                        <textcolor>blue</textcolor>
                        <shadowcolor>black</shadowcolor>
                        <align>center</align>
                    </control>

                    <control type="button" id="160">
                        <left>30</left>
                        <top>100</top>
                        <width>300</width>
                        <height>40</height>
                        <align>center</align>
                        <onup>131</onup>
                        <ondown>162</ondown>
                        <onright>161</onright>
                        <textcolor>white</textcolor>
                    </control>

                    <control type="button" id="161">
                        <right>30</right>
                        <top>100</top>
                        <width>300</width>
                        <height>40</height>
                        <align>center</align>
                        <onup>131</onup>
                        <ondown>163</ondown>
                        <onleft>160</onleft>
                        <onright>162</onright>
                        <textcolor>white</textcolor>
                    </control>

                    <control type="button" id="162">
                        <left>30</left>
                        <top>190</top>
                        <width>300</width>
                        <height>40</height>
                        <align>center</align>
                        <onup>160</onup>
                        <onright>163</onright>
                        <onleft>161</onleft>
                        <textcolor>white</textcolor>
                    </control>

                    <control type="button" id="163">
                        <right>30</right>
                        <top>190</top>
                        <width>300</width>
                        <height>40</height>
                        <align>center</align>
                        <onup>161</onup>
                        <onleft>162</onleft>
                        <textcolor>white</textcolor>
                    </control>
                    
                    <control type="image" id="170">
                        <description>Down arrow when there are more controls for a rule</description>
                        <left>350</left>
                        <top>250</top>
                        <width>20</width>
                        <height>20</height>
                        <texture>scroll-down.png</texture>
                        <colordiffuse>blue</colordiffuse>
                    </control>
                    
                    <control type="image" id="171">
                        <description>Up arrow when there are more controls for a rule</description>
                        <left>350</left>
                        <top>250</top>
                        <width>20</width>
                        <height>20</height>
                        <texture>scroll-up.png</texture>
                        <colordiffuse>blue</colordiffuse>
                    </control>
                </control>
            </control>
        </control>
    </controls>
</window>
