<?xml version="1.0" encoding="UTF-8"?>
<window>
    <allowoverlay>no</allowoverlay>
    <animation effect="fade" start="0" end="100" time="300">WindowOpen</animation>
    <controls>
        <!--BACKGROUND-->
        <control type="group">	
            <control type="image">
                <left>0</left>
                <top>100r</top>
                <width>1280</width>
                <height>100</height>
                <texture>floor.png</texture>
            </control>
            <control type="image">
                <left>55</left>
                <top>60</top>
                <width>1170</width>
                <height>600</height>
                <texture border="15">ContentPanel.png</texture>
            </control>
            <control type="image">
                <left>55</left>
                <top>652</top>
                <width>1170</width>
                <height>64</height>
                <texture border="15">ContentPanelMirror.png</texture>
            </control>
            <control type="image">
                <left>0</left>
                <top>-40</top>
                <width>1280</width>
                <height>120</height>
                <texture flipy="true" border="1">HomeNowPlayingBack.png</texture>
            </control>
        </control>
        
        <!--HEADER-->
		<control type="image">
			<description>Section header image</description>
			<left>20</left>
			<top>3</top>
			<width>35</width>
			<height>35</height>
			<aspectratio>keep</aspectratio>
			<texture>icon_video.png</texture>
		</control>       
        <control type="label">
            <left>65</left>
			<top>5</top>
			<width>1000</width>
			<height>30</height>
            <font>font14</font>
            <textcolor>white</textcolor>
            <shadowcolor>black</shadowcolor>
            <align>left</align>
            <aligny>center</aligny>
            <label>$INFO[System.AddonTitle(script.pseudotv)]</label>
        </control>
        <include>Clock</include>
        
        <!--CHANNEL BUTTONS AND LABELS-->		
		<control type="group">
			<left>80</left>
			<top>71</top>
			<width>300</width>
			<height>500</height>			
			<!--CHANNEL HEADER-->
			<control type="label" id="104">
				<description>Date Label</description>
				<left>10</left>
				<top>0</top>
				<width>300</width>
				<height>29</height>
				<label>Current Date</label>
				<font>font12</font>
				<align>left</align>
				<aligny>center</aligny>
			</control>
            <control type="image">
                <description>separator image</description>
                <left>0</left>
                <top>30</top>
                <width>1100</width>
                <height>1</height>
                <colordiffuse>88FFFFFF</colordiffuse>
                <texture>separator2.png</texture>
            </control>			
			<!--CHANNEL 1-->           
			<control type="image">
				<description>Channel 1 Back</description>
				<left>0</left>
				<top>35</top>
				<width>300</width>
				<height>48</height>
				<texture>MenuItemNF.png</texture>                
			</control>
            <control type="label" id="311">
				<description>Channel 1 Number</description>
				<left>5</left>
                <top>40</top>
                <width>40</width>
                <height>35</height>
                <font>font12</font>
                <align>left</align>
                <aligny>center</aligny>
                <textcolor>grey</textcolor>
			</control>           
            <control type="image" id="321">
				<description>Channel 1 Icon</description>
				<left>45</left>
                <top>38</top>
                <width>45</width>
                <height>44</height>
				<aspectratio>keep</aspectratio>
			</control>			
			<control type="label" id="301">
				<description>Channel 1 Name</description>
				<left>96</left>
                <top>35</top>
                <width>200</width>
                <height>48</height>
                <font>special12</font>
                <aligny>center</aligny>
                <align>left</align>
                <scroll>true</scroll>
			</control>
			<!-- CHANNEL 2 -->			
			<control type="image">
				<description>Channel 2 Back</description>
				<left>0</left>
				<top>85</top>
				<width>300</width>
				<height>48</height>
				<texture>MenuItemNF.png</texture>                
			</control>           
            <control type="label" id="312">
				<description>Channel 2 Number</description>
				<left>5</left>
                <top>88</top>
                <width>40</width>
                <height>35</height>
                <font>font12</font>
                <align>left</align>
                <aligny>center</aligny>
                <textcolor>grey</textcolor>
			</control>
            <control type="image" id="322">
				<description>Channel 2 Icon</description>
				<left>45</left>
                <top>90</top>
                <width>45</width>
                <height>44</height>
				<aspectratio>keep</aspectratio>
			</control>			
			<control type="label" id="302">
				<description>Channel 2 Name</description>
				<left>96</left>
                <top>85</top>
                <width>200</width>
                <height>48</height>
                <font>special12</font>
                <aligny>center</aligny>
                <align>left</align>
                <scroll>true</scroll>
			</control>
			<!-- CHANNEL 3 -->			
			<control type="image">
				<description>Channel 3 Back</description>
				<left>0</left>
				<top>135</top>
				<width>300</width>
				<height>48</height>
				<texture>MenuItemNF.png</texture>
			</control>
            <control type="label" id="313">
				<description>Channel 3 Number</description>
				<left>5</left>
                <top>140</top>
                <width>40</width>
                <height>35</height>
                <font>font12</font>
                <align>left</align>
                <aligny>center</aligny>
                <textcolor>grey</textcolor>
			</control>
            <control type="image" id="323">
				<description>Channel 3 Icon</description>
				<left>45</left>
                <top>138</top>
                <width>45</width>
                <height>44</height>
				<aspectratio>keep</aspectratio>
			</control>			
			<control type="label" id="303">
				<description>Channel 3 Name</description>
				<left>96</left>
                <top>135</top>
                <width>200</width>
                <height>48</height>
                <font>special12</font>
                <aligny>center</aligny>
                <align>left</align>
                <scroll>true</scroll>
			</control>
			<!-- CHANNEL 4 -->			
			<control type="image">
				<description>Channel 4 Back</description>
				<left>0</left>
				<top>185</top>
				<width>300</width>
				<height>48</height>
				<texture>MenuItemNF.png</texture>
			</control>
            <control type="label" id="314">
				<description>Channel 4 Number</description>
				<left>5</left>
                <top>188</top>
                <width>40</width>
                <height>35</height>
                <font>font12</font>
                <align>left</align>
                <aligny>center</aligny>
                <textcolor>grey</textcolor>
			</control>
            <control type="image" id="324">
				<description>Channel 4 Icon</description>
				<left>45</left>
                <top>190</top>
                <width>45</width>
                <height>44</height>
				<aspectratio>keep</aspectratio>
			</control>			
			<control type="label" id="304">
				<description>Channel 4 Name</description>
				<left>96</left>
                <top>185</top>
                <width>200</width>
                <height>48</height>
                <font>special12</font>
                <aligny>center</aligny>
                <align>left</align>
                <scroll>true</scroll>
			</control>	
			<!-- CHANNEL 5 -->			
			<control type="image">
				<description>Channel 5 Back</description>
				<left>0</left>
				<top>235</top>
				<width>300</width>
				<height>48</height>
				<texture>MenuItemNF.png</texture>
			</control>
            <control type="label" id="315">
				<description>Channel 5 Number</description>
				<left>5</left>
                <top>238</top>
                <width>40</width>
                <height>35</height>
                <font>font12</font>
                <align>left</align>
                <aligny>center</aligny>
                <textcolor>grey</textcolor>
			</control>
            <control type="image" id="325">
				<description>Channel 5 Icon</description>
				<left>45</left>
                <top>240</top>
                <width>45</width>
                <height>44</height>
				<aspectratio>keep</aspectratio>
			</control>			
			<control type="label" id="305">
				<description>Channel 5 Name</description>
				<left>96</left>
                <top>235</top>
                <width>200</width>
                <height>48</height>
                <font>special12</font>
                <aligny>center</aligny>
                <align>left</align>
                <scroll>true</scroll>
			</control>
			<!-- CHANNEL 6 -->			
			<control type="image">
				<description>Channel 6 Back</description>
				<left>0</left>
				<top>285</top>
				<width>300</width>
				<height>48</height>
				<texture>MenuItemNF.png</texture>
			</control>
            <control type="label" id="316">
				<description>Channel 6 Number</description>
				<left>5</left>
                <top>290</top>
                <width>40</width>
                <height>35</height>
                <font>font12</font>
                <align>left</align>
                <aligny>center</aligny>
                <textcolor>grey</textcolor>
			</control>
            <control type="image" id="326">
				<description>Channel 6 Icon</description>
				<left>45</left>
                <top>288</top>
                <width>45</width>
                <height>44</height>
				<aspectratio>keep</aspectratio>
			</control>			
			<control type="label" id="306">
				<description>Channel 6 Name</description>
				<left>96</left>
                <top>285</top>
                <width>200</width>
                <height>48</height>
                <font>special12</font>
                <aligny>center</aligny>
                <align>left</align>
                <scroll>true</scroll>
			</control>
        </control>
        
        <!--LISTING HEADER AND TIME INFO-->
        <control type="group">
            <left>380</left>
            <top>71</top>
            <width>840</width>
            <height>500</height>
            <control type="label" id="101">
                <description>Time 1 Label</description>
                <left>10</left>
                <top>0</top>
                <width>280</width>
                <height>29</height>
                <font>font12</font>
                <align>left</align>
                <aligny>center</aligny>
            </control>
            <control type="label" id="102">
                <description>Time 2 Label</description>
                <left>290</left>
                <top>0</top>
                <width>280</width>
                <height>29</height>
                <font>font12</font>
                <align>left</align>
                <aligny>center</aligny>
            </control>
            <control type="label" id="103">
                <description>Time 3 Label</description>
                <left>570</left>
                <top>0</top>
                <width>280</width>
                <height>29</height>
                <font>font12</font>
                <align>left</align>
                <aligny>center</aligny>
            </control>
        </control>
 
		<!--TIME BAR-->		
		<control type="image" id="120">
			<left>400</left>
			<top>104</top>
			<width>20</width>
			<height>302</height>
		</control>		
		<!--SHOW LISTINGS-->
        <control type="button" id="100">
			<visible>false</visible>			
			<label>0xFFFFFFFF</label><!--un-focused text color-->	
			<label2>0xFFFFFFFF</label2><!--focused text color-->
		</control>
		<control type="button" id="105">
			<visible>false</visible>			
			<label>font12</label><!--text font-->	
		</control>			
		<control type="group" id="111">
			<left>380</left>
			<top>106</top>
			<width>840</width>
			<height>48</height>
		</control>
		<control type="group" id="112">
			<left>380</left>
			<top>156</top>
			<width>840</width>
			<height>48</height>
		</control>
		<control type="group" id="113">
			<left>380</left>
			<top>206</top>
			<width>840</width>
			<height>48</height>
		</control>
		<control type="group" id="114">
			<left>380</left>
			<top>256</top>
			<width>840</width>
			<height>48</height>
		</control>
		<control type="group" id="115">
			<left>380</left>
			<top>306</top>
			<width>840</width>
			<height>48</height>
		</control>		
		<control type="group" id="116">
			<left>380</left>
			<top>356</top>
			<width>840</width>
			<height>48</height>
		</control>

		<!--FOOTER-->           
        <control type="label">
            <description>Show Title Label</description>
            <left>390</left>
            <top>420</top>
            <width>780</width>
            <height>25</height>
            <info>Control.GetLabel(500)</info>
            <font>font12</font>
            <textcolor>grey2</textcolor>
            <visible>!IsEmpty(Control.GetLabel(501))</visible>
        </control>
        <control type="fadelabel">
            <description>Show Title Label</description>
            <left>390</left>
            <top>445</top>
            <width>780</width>
            <height>35</height>
            <info>Control.GetLabel(500)</info>
            <font>font30</font>
            <align>left</align>
            <aligny>center</aligny>
            <textcolor>orange</textcolor>
            <shadowcolor>black</shadowcolor>
            <scrollout>false</scrollout>
            <pauseatend>1800</pauseatend>
            <scrollspeed>40</scrollspeed>
            <visible>IsEmpty(Control.GetLabel(501))</visible>
        </control>
        <control type="fadelabel">
            <description>Show Name Label</description>
            <left>390</left>
            <top>445</top>
            <width>780</width>
            <height>35</height>
            <info>Control.GetLabel(501)</info>
            <font>font30</font>
            <align>left</align>
            <aligny>center</aligny>
            <textcolor>orange</textcolor>
            <shadowcolor>black</shadowcolor>
            <scrollout>false</scrollout>
            <pauseatend>1800</pauseatend>
            <scrollspeed>40</scrollspeed>
            <visible>!IsEmpty(Control.GetLabel(500))</visible>
        </control>
        <control type="textbox">
			<description>Show Description Label</description>
			<left>390</left>
			<top>487</top>
			<width>785</width>
			<height>120</height>
			<font>font13</font>
			<textcolor>white</textcolor>
			<align>justify</align>
			<info>Control.GetLabel(502)</info>
			<autoscroll time="4000" delay="5000" repeat="5000">True</autoscroll>
		</control>		
		<control type="image" id="503">
            <description>Show Channel Icon</description>
            <left>85</left>
			<top>480</top>
			<width>295</width>
			<height>120</height>
			<aspectratio align="center" aligny="center">keep</aspectratio>
        </control>
        <!-- NAV INFO -->
        <control type="image">
            <description>NAV INFO</description>
            <left>900</left>
			<top>615</top>
			<width>295</width>
			<height>30</height>
            <align>right</align>
            <texture>NavFlagEpg.png</texture>
			<aspectratio align="center" aligny="bottom">keep</aspectratio>
            <colordiffuse>lightgrey</colordiffuse>
        </control>                
        <control type="group">
            <visible>VideoPlayer.Content(Movies) | VideoPlayer.Content(Episodes) | VideoPlayer.Content(MusicVideos)</visible>
            <include>CommonNowPlaying</include>
        </control>
        <control type="group">
			<visible>false</visible>
            <control type="label" id="500">
                <description>Show Title Label</description>
                <left>-10</left>
                <top>-10</top>
                <width>0</width>
                <height>0</height>
            </control>
            <control type="label" id="501">
                <description>Show Name Label</description>
                <left>-10</left>
                <top>-10</top>
                <width>0</width>
                <height>0</height>
            </control>
            <control type="label" id="502">
                <description>Show Description Label</description>
                <left>-10</left>
                <top>-10</top>
                <width>0</width>
                <height>0</height>
            </control>
        </control>
    </controls>
</window>
