<?xml version="1.0" encoding="UTF-8"?>
<window>
    <allowoverlay>no</allowoverlay>
    <zorder>1</zorder>
    <coordinates>
		<system>1</system>
		<left>122</left>
		<top>254</top>
	</coordinates>
	<include>dialogeffect</include>
    <controls>
        <control type="image">
			<description>background image</description>
			<width>1674</width>
			<height>600</height>
			<texture border="40">dialogs/default/bg.png</texture>
		</control>
        <control type="label">
            <description>header label</description>
			<left>30</left>
			<top>32</top>
			<width>1614</width>
			<height>40</height>
			<textoffsetx>15</textoffsetx>
			<align>center</align>
			<aligny>center</aligny>
			<textcolor>dialogheader</textcolor>
			<font>font15_title</font>
            <label>$INFO[System.AddonTitle(script.pseudotv),, - ]$LOCALIZE[19029] $LOCALIZE[10507]</label>                    
        </control>
        <!-- left group -->
		<control type="group">
			<left>31</left>
			<top>88</top>
			<control type="image">
				<left>-1</left>
				<top>-2</top>
				<width>312</width>
				<height>482</height>
				<texture border="5">dialogs/default/inner.png</texture>
			</control>
            <control type="label">
                <left>0</left>
                <top>0</top>
                <width>310</width>
                <height>80</height>
                <font>font14_title</font>
                <align>center</align>
                <aligny>center</aligny>
                <label>$INFO[System.AddonTitle(script.pseudotv)]</label>
            </control>
			<control type="image">
				<left>1</left>
				<top>0</top>
				<width>310</width>
				<height>482</height>
                <aspectratio>keep</aspectratio>
				<texture>$INFO[System.AddonIcon(script.pseudotv)]</texture>
			</control>
            <control type="label">
                <left>0</left>
                <top>395</top>
                <width>310</width>
                <height>80</height>
                <font>font14_title</font>
                <align>center</align>
                <aligny>center</aligny>
                <label>VER. $INFO[System.AddonVersion(script.pseudotv)]</label>
            </control>
		</control>
        <!-- middle group -->
		<control type="group">
			<left>357</left>
			<top>88</top>
			<control type="image">
				<left>-1</left>
				<top>-2</top>
				<width>962</width>
				<height>482</height>
				<texture border="5">dialogs/default/inner.png</texture>
			</control>
			<control type="group" id="105">
                <left>0</left>
                <top>0</top>
                <width>962</width>
                <height>480</height>
                <control type="label">
                    <left>0</left>
                    <top>0</top>
                    <width>200</width>
                    <height>60</height>
                    <font>font14_title</font>
                    <textcolor>labelheader</textcolor>
                    <textoffsetx>15</textoffsetx>
                    <align>left</align>
                    <aligny>center</aligny>
                    <label>$LOCALIZE[19029]</label>
                </control>
                <control type="label">
                    <left>762</left>
                    <top>0</top>
                    <width>200</width>
                    <height>60</height>
                    <font>font14_title</font>
                    <textcolor>labelheader</textcolor>
                    <textoffsetx>15</textoffsetx>
                    <align>right</align>
                    <aligny>center</aligny>
                    <label>$LOCALIZE[33029]</label>
                </control>
                <control type="list" id="102">
                    <description>All channels list</description>
                    <left>0</left>
                    <top>58</top>
                    <onup>102</onup>
                    <ondown>102</ondown>
                    <onright>103</onright>
                    <onleft>103</onleft>
                    <width>960</width>
                    <height>420</height>
                    <itemgap>0</itemgap>
                    <pagecontrol>103</pagecontrol>
                    <scrolltime tween="cubic" easing="out">500</scrolltime>
                    <itemlayout width="960" height="60">
                        <control type="label">
                            <left>30</left>
                            <top>0</top>
                            <width>100</width>
                            <height>60</height>
                            <aligny>center</aligny>
                            <align>left</align>
                            <textcolor>grey2</textcolor>
                            <info>ListItem.Label</info>
                            <font>font14</font>
                        </control>
                        <control type="label">
                            <left>100</left>
                            <top>0</top>
                            <width>830</width>
                            <height>60</height>
                            <aligny>center</aligny>
                            <align>right</align>
                            <textcolor>grey2</textcolor>
                            <info>ListItem.Label2</info>
                            <font>font14</font>
                        </control>
                    </itemlayout>
                    <focusedlayout width="960" height="60">
                        <control type="image">
                            <left>0</left>
                            <top>0</top>
                            <width>960</width>
                            <height>60</height>
                            <texture border="1">listselect_fo.png</texture>
                            <visible>Control.HasFocus(102)</visible>
                        </control>
                        <control type="label">
                            <left>30</left>
                            <top>0</top>
                            <width>100</width>
                            <height>60</height>
                            <focusedcolor>white</focusedcolor>
                            <aligny>center</aligny>
                            <align>left</align>
                            <info>ListItem.Label</info>
                            <font>font14</font>
                        </control>
                        <control type="label">
                            <left>100</left>
                            <top>0</top>
                            <width>830</width>
                            <height>60</height>
                            <aligny>center</aligny>
                            <align>right</align>
                            <focusedcolor>white</focusedcolor>
                            <info>ListItem.Label2</info>
                            <font>font14</font>
                        </control>
                    </focusedlayout>
                </control>
            </control>
            <control type="scrollbar" id="103">
				<left>960</left>
				<top>0</top>
				<width>12</width>
				<height>480</height>
				<texturesliderbackground>-</texturesliderbackground>
				<texturesliderbar colordiffuse="55ffffff" border="1">scrollbar/texturesliderbar2.png</texturesliderbar>
				<texturesliderbarfocus border="1">scrollbar/texturesliderbar2.png</texturesliderbarfocus>
				<onup>103</onup>
                <ondown>103</ondown>
                <onleft>102</onleft>
                <onright>9001</onright>
				<showonepage>false</showonepage>
				<orientation>vertical</orientation>
                <visible>Control.IsVisible(102)</visible>
			</control>
            <!-- Controls for configuring a single channel -->
            <control type="group" id="106">
                <left>0</left>
                <top>0</top>
                <width>962</width>
                <height>480</height>
                <control type="label" id="104">
                    <left>0</left>
                    <top>0</top>
                    <width>960</width>
                    <height>60</height>
                    <font>font14_title</font>
                    <textcolor>labelheader</textcolor>
                    <aligny>center</aligny>
                    <align>left</align>
                    <textoffsetx>15</textoffsetx>
                </control>
                <control type="image">
                    <left>0</left>
                    <top>60</top>
                    <width>960</width>
                    <height>60</height>
                    <texture border="1">listselect_fo.png</texture>
                    <visible>Control.HasFocus(110) | Control.HasFocus(111)</visible>
                </control>
                <control type="label">
                    <left>0</left>
                    <top>60</top>
                    <width>300</width>
                    <height>60</height>
                    <aligny>center</aligny>
                    <align>left</align>
                    <label>$LOCALIZE[19029] $LOCALIZE[35501]:</label>
                    <font>font14</font>
                    <textoffsetx>15</textoffsetx>
                </control>
                <control type="label" id="109">
                    <left>440</left>
                    <top>60</top>
                    <width>405</width>
                    <height>60</height>
                    <aligny>center</aligny>
                    <align>right</align>
                    <font>font14</font>
                </control>
                <control type="button" id="110">
                    <left>865</left>
                    <top>76</top>
                    <width>40</width>
                    <height>25</height>
                    <texturefocus>android/numberpicker_down_longpressed_holo_dark.png</texturefocus>
                    <texturenofocus>android/numberpicker_down_normal_holo_dark.png</texturenofocus>
                    <onleft>111</onleft>
                    <onright>111</onright>
                </control>
                <control type="button" id="111">
                    <left>905</left>
                    <top>76</top>
                    <width>40</width>
                    <height>25</height>
                    <texturefocus>android/numberpicker_up_longpressed_holo_dark.png</texturefocus>
                    <texturenofocus>android/numberpicker_up_normal_holo_dark.png</texturenofocus>
                    <onleft>110</onleft>
                    <onright>9002</onright>
                </control>
            </control>
            <control type="group" id="107">
                <!-- Controls for type Custom Playlist -->
                <control type="group" id="120">
                    <left>0</left>
                    <top>60</top>
                    <width>962</width>
                    <height>480</height>
                    <control type="button" id="130">
                        <left>0</left>
                        <top>60</top>
                        <width>960</width>
                        <height>60</height>
                        <texturefocus border="5">listselect_fo.png</texturefocus>
                        <align>left</align>
                        <onup>106</onup>
                        <ondown>106</ondown>
                        <onleft>noop</onleft>
                        <onright>9002</onright>
                    </control>                   
                    <control type="label">
                        <left>0</left>
                        <top>60</top>
                        <width>300</width>
                        <height>60</height>
                        <font>font14</font>
                        <label>$LOCALIZE[524]:</label>
                        <aligny>center</aligny>
                        <textoffsetx>15</textoffsetx>
                        <visible>IsEmpty(Control.GetLabel(130))</visible>
                    </control>
                </control>
                <!-- Controls for type TV Network -->
                <control type="group" id="121">
                    <left>0</left>
                    <top>60</top>
                    <width>962</width>
                    <height>480</height>
                    <control type="image">
                        <left>0</left>
                        <top>60</top>
                        <width>960</width>
                        <height>60</height>
                        <texture border="1">listselect_fo.png</texture>
                        <visible>Control.HasFocus(140) | Control.HasFocus(141)</visible>
                    </control>
                    <control type="label">
                        <left>0</left>
                        <top>60</top>
                        <width>300</width>
                        <height>60</height>
                        <font>font14</font>
                        <label>$LOCALIZE[705]:</label>
                        <aligny>center</aligny>
                        <align>left</align>
                        <textoffsetx>15</textoffsetx>
                    </control>
                    <control type="label" id="142">
                        <left>440</left>
                        <top>60</top>
                        <width>405</width>
                        <height>60</height>
                        <font>font14</font>
                        <aligny>center</aligny>
                        <align>right</align>
                    </control>
                    <control type="button" id="140">
                        <left>865</left>
                        <top>76</top>
                        <width>40</width>
                        <height>25</height>
                        <texturefocus>android/numberpicker_down_longpressed_holo_dark.png</texturefocus>
                        <texturenofocus>android/numberpicker_down_normal_holo_dark.png</texturenofocus>
                        <onup>106</onup>
                        <ondown>106</ondown>
                        <onleft>141</onleft>
                        <onright>141</onright>
                    </control>
                    <control type="button" id="141">
                        <left>905</left>
                        <top>76</top>
                        <width>40</width>
                        <height>25</height>
                        <texturefocus>android/numberpicker_up_longpressed_holo_dark.png</texturefocus>
                        <texturenofocus>android/numberpicker_up_normal_holo_dark.png</texturenofocus>
                        <onup>106</onup>
                        <ondown>106</ondown>
                        <onleft>140</onleft>
                        <onright>9002</onright>
                    </control>
                </control>
                <!-- Controls for type Movie Studio -->
                <control type="group" id="122">
                    <left>0</left>
                    <top>60</top>
                    <width>962</width>
                    <height>480</height>                   
                    <control type="image">
                        <left>0</left>
                        <top>60</top>
                        <width>960</width>
                        <height>60</height>
                        <texture border="1">listselect_fo.png</texture>
                        <visible>Control.HasFocus(150) | Control.HasFocus(151)</visible>
                    </control>
                    <control type="label">
                        <left>0</left>
                        <top>60</top>
                        <width>300</width>
                        <height>60</height>
                        <font>font14</font>
                        <label>$LOCALIZE[572]:</label>
                        <aligny>center</aligny>
                        <align>left</align>
                        <textoffsetx>15</textoffsetx>
                    </control>
                    <control type="label" id="152">
                        <left>440</left>
                        <top>60</top>
                        <width>405</width>
                        <height>60</height>
                        <font>font14</font>
                        <aligny>center</aligny>
                        <align>right</align>
                    </control>
                    <control type="button" id="150">
                        <left>865</left>
                        <top>76</top>
                        <width>40</width>
                        <height>25</height>
                        <texturefocus>android/numberpicker_down_longpressed_holo_dark.png</texturefocus>
                        <texturenofocus>android/numberpicker_down_normal_holo_dark.png</texturenofocus>
                        <onup>106</onup>
                        <ondown>106</ondown>
                        <onleft>151</onleft>
                        <onright>151</onright>
                    </control>
                    <control type="button" id="151">
                        <left>905</left>
                        <top>76</top>
                        <width>40</width>
                        <height>25</height>
                        <texturefocus>android/numberpicker_up_longpressed_holo_dark.png</texturefocus>
                        <texturenofocus>android/numberpicker_up_normal_holo_dark.png</texturenofocus>
                        <onup>106</onup>
                        <ondown>106</ondown>
                        <onleft>150</onleft>
                        <onright>9002</onright>
                    </control>
                </control>
                <!-- Controls for type TV Genre -->
                <control type="group" id="123">
                    <left>0</left>
                    <top>60</top>
                    <width>962</width>
                    <height>480</height>                 
                    <control type="image">
                        <left>0</left>
                        <top>60</top>
                        <width>960</width>
                        <height>60</height>
                        <texture border="1">listselect_fo.png</texture>
                        <visible>Control.HasFocus(160) | Control.HasFocus(161)</visible>
                    </control>
                    <control type="label">
                        <left>0</left>
                        <top>60</top>
                        <width>300</width>
                        <height>60</height>
                        <font>font14</font>
                        <label>$LOCALIZE[515]:</label>
                        <aligny>center</aligny>
                        <align>left</align>
                        <textoffsetx>15</textoffsetx>
                    </control>
                    <control type="label" id="162">
                        <left>440</left>
                        <top>60</top>
                        <width>405</width>
                        <height>60</height>
                        <font>font14</font>
                        <aligny>center</aligny>
                        <align>right</align>
                    </control>
                    <control type="button" id="160">
                        <left>865</left>
                        <top>76</top>
                        <width>40</width>
                        <height>25</height>
                        <texturefocus>android/numberpicker_down_longpressed_holo_dark.png</texturefocus>
                        <texturenofocus>android/numberpicker_down_normal_holo_dark.png</texturenofocus>
                        <onup>106</onup>
                        <ondown>106</ondown>
                        <onleft>161</onleft>
                        <onright>161</onright>
                    </control>
                    <control type="button" id="161">
                        <left>905</left>
                        <top>76</top>
                        <width>40</width>
                        <height>25</height>
                        <texturefocus>android/numberpicker_up_longpressed_holo_dark.png</texturefocus>
                        <texturenofocus>android/numberpicker_up_normal_holo_dark.png</texturenofocus>
                        <onup>106</onup>
                        <ondown>106</ondown>
                        <onleft>160</onleft>
                        <onright>9002</onright>
                    </control>
                </control>
                <!-- Controls for type Movie Genre -->
                <control type="group" id="124">
                    <left>0</left>
                    <top>60</top>
                    <width>962</width>
                    <height>480</height>                    
                    <control type="image">
                        <left>0</left>
                        <top>60</top>
                        <width>960</width>
                        <height>60</height>
                        <texture border="1">listselect_fo.png</texture>
                        <visible>Control.HasFocus(170) | Control.HasFocus(171)</visible>
                    </control>
                    <control type="label">
                        <left>0</left>
                        <top>60</top>
                        <width>300</width>
                        <height>60</height>
                        <font>font14</font>
                        <label>$LOCALIZE[515]:</label>
                        <aligny>center</aligny>
                        <align>left</align>
                        <textoffsetx>15</textoffsetx>
                    </control>
                    <control type="label" id="172">
                        <left>440</left>
                        <top>60</top>
                        <width>405</width>
                        <height>60</height>
                        <font>font14</font>
                        <aligny>center</aligny>
                        <align>right</align>
                    </control>
                    <control type="button" id="170">
                        <left>865</left>
                        <top>76</top>
                        <width>40</width>
                        <height>25</height>
                        <texturefocus>android/numberpicker_down_longpressed_holo_dark.png</texturefocus>
                        <texturenofocus>android/numberpicker_down_normal_holo_dark.png</texturenofocus>
                        <onup>106</onup>
                        <ondown>106</ondown>
                        <onleft>171</onleft>
                        <onright>171</onright>
                    </control>
                    <control type="button" id="171">
                        <left>905</left>
                        <top>76</top>
                        <width>40</width>
                        <height>25</height>
                        <texturefocus>android/numberpicker_up_longpressed_holo_dark.png</texturefocus>
                        <texturenofocus>android/numberpicker_up_normal_holo_dark.png</texturenofocus>
                        <onup>106</onup>
                        <ondown>106</ondown>
                        <onleft>170</onleft>
                        <onright>9002</onright>
                    </control>
                </control>
                <!-- Controls for type Mixed Genre -->
                <control type="group" id="125">
                    <left>0</left>
                    <top>60</top>
                    <width>962</width>
                    <height>480</height>                    
                    <control type="image">
                        <left>0</left>
                        <top>60</top>
                        <width>960</width>
                        <height>60</height>
                        <texture border="1">listselect_fo.png</texture>
                        <visible>Control.HasFocus(180) | Control.HasFocus(181)</visible>
                    </control>
                    <control type="label">
                        <left>0</left>
                        <top>60</top>
                        <width>300</width>
                        <height>60</height>
                        <font>font14</font>
                        <label>$LOCALIZE[515]:</label>
                        <aligny>center</aligny>
                        <align>left</align>
                        <textoffsetx>15</textoffsetx>
                    </control>
                    <control type="label" id="182">
                        <left>440</left>
                        <top>60</top>
                        <width>405</width>
                        <height>60</height>
                        <font>font14</font>
                        <aligny>center</aligny>
                        <align>right</align>
                    </control>
                    <control type="button" id="180">
                        <left>865</left>
                        <top>76</top>
                        <width>40</width>
                        <height>25</height>
                        <texturefocus>android/numberpicker_down_longpressed_holo_dark.png</texturefocus>
                        <texturenofocus>android/numberpicker_down_normal_holo_dark.png</texturenofocus>
                        <onup>106</onup>
                        <ondown>106</ondown>
                        <onleft>181</onleft>
                        <onright>181</onright>
                    </control>
                    <control type="button" id="181">
                        <left>905</left>
                        <top>76</top>
                        <width>40</width>
                        <height>25</height>
                        <texturefocus>android/numberpicker_up_longpressed_holo_dark.png</texturefocus>
                        <texturenofocus>android/numberpicker_up_normal_holo_dark.png</texturenofocus>
                        <onup>106</onup>
                        <ondown>106</ondown>
                        <onleft>180</onleft>
                        <onright>9002</onright>
                    </control>
                </control>
                <!-- Controls for type TV Show -->
                <control type="group" id="126">
                    <left>0</left>
                    <top>60</top>
                    <width>962</width>
                    <height>480</height>
                    <control type="image">
                        <left>0</left>
                        <top>60</top>
                        <width>960</width>
                        <height>60</height>
                        <texture border="1">listselect_fo.png</texture>
                        <visible>Control.HasFocus(190) | Control.HasFocus(191)</visible>
                    </control>
                    <control type="label">
                        <left>0</left>
                        <top>60</top>
                        <width>300</width>
                        <height>60</height>
                        <font>font14</font>
                        <label>$LOCALIZE[20364]:</label>
                        <aligny>center</aligny>
                        <align>left</align>
                        <textoffsetx>15</textoffsetx>
                    </control>
                    <control type="label" id="192">
                        <left>440</left>
                        <top>60</top>
                        <width>405</width>
                        <height>60</height>
                        <font>font14</font>
                        <aligny>center</aligny>
                        <align>right</align>
                    </control>
                    <control type="button" id="190">
                        <left>865</left>
                        <top>76</top>
                        <width>40</width>
                        <height>25</height>
                        <texturefocus>android/numberpicker_down_longpressed_holo_dark.png</texturefocus>
                        <texturenofocus>android/numberpicker_down_normal_holo_dark.png</texturenofocus>
                        <onup>106</onup>
                        <ondown>194</ondown>
                        <onleft>191</onleft>
                        <onright>191</onright>
                    </control>
                    <control type="button" id="191">
                        <left>905</left>
                        <top>76</top>
                        <width>40</width>
                        <height>25</height>
                        <texturefocus>android/numberpicker_up_longpressed_holo_dark.png</texturefocus>
                        <texturenofocus>android/numberpicker_up_normal_holo_dark.png</texturenofocus>
                        <onup>106</onup>
                        <ondown>194</ondown>
                        <onleft>190</onleft>
                        <onright>9002</onright>
                    </control>
                    <control type="radiobutton" id="194">
                        <left>0</left>
                        <top>120</top>
                        <width>960</width>
                        <height>60</height>
                        <label>$LOCALIZE[581] ($LOCALIZE[20359])</label>
                        <onup>190</onup>
                        <ondown>106</ondown>
                        <onleft>noop</onleft>
                        <onright>9002</onright>
                    </control>
                </control>
                <!-- Controls for type Directory -->
                <control type="group" id="127">
                    <left>0</left>
                    <top>60</top>
                    <width>962</width>
                    <height>480</height>                   
                    <control type="button" id="200">
                        <left>0</left>
                        <top>60</top>
                        <width>960</width>
                        <height>60</height>
                        <texturefocus border="5">listselect_fo.png</texturefocus>
                        <textoffsetx>15</textoffsetx>
                        <align>right</align>
                        <onup>106</onup>
                        <ondown>106</ondown>
                        <onleft>noop</onleft>
                        <onright>9002</onright>
                    </control>
                    <control type="label">
                        <left>0</left>
                        <top>60</top>
                        <width>300</width>
                        <height>60</height>
                        <font>font14</font>
                        <label>$LOCALIZE[16015]:</label>
                        <aligny>center</aligny>
                        <textoffsetx>15</textoffsetx>
                    </control>
                </control>
            </control>
        </control>
        <!-- right group -->
		<control type="group">
			<left>1333</left>
			<top>88</top>
			<control type="image">
				<left>-1</left>
				<top>-2</top>
				<width>312</width>
				<height>482</height>
				<texture border="5">dialogs/default/inner.png</texture>
			</control>
			<control type="grouplist" id="9001">
				<top>0</top>
				<left>0</left>
				<width>310</width>
				<height>480</height>
				<onleft>102</onleft>
				<onright>102</onright>
				<onup>9001</onup>
				<ondown>9001</ondown>
                <visible>!Control.IsVisible(106)</visible>   
                <control type="button" id="10">
                    <description>OK Button</description>
                    <width>310</width>
                    <label>186</label>
                    <onclick>PreviousMenu</onclick>                    
                </control>
                <control type="button" id="11">
                    <description>Cancel Button</description>
                    <width>310</width>
                    <label>222</label>
                    <onclick>Back</onclick>
                </control>
			</control>
            <control type="grouplist" id="9002">
				<top>0</top>
				<left>0</left>
				<width>310</width>
				<height>480</height>
				<onleft>106</onleft>
				<onright>106</onright>
				<onup>9002</onup>
				<ondown>9002</ondown>
                <visible>Control.IsVisible(106)</visible>   
                <control type="button" id="114">
                    <description>Rules</description>
                    <width>310</width>
                    <label>$LOCALIZE[10038] $LOCALIZE[5]</label>                   
                </control>
                <control type="button"  id="112">
                    <description>OK Button</description>
                    <width>310</width>
                    <label>186</label>
                </control>
                <control type="button"  id="113">
                    <description>Cancel Button</description>
                    <width>310</width>
                    <label>222</label>
                </control>
			</control>
		</control>        
    </controls>
</window>