<?xml version="1.0" encoding="UTF-8"?>
<window>
    <allowoverlay>no</allowoverlay>
    <zorder>1</zorder>
    <coordinates>
        <system>1</system>
        <left>0</left>
        <top>0</top>
    </coordinates>
    <include>dialogeffect</include>
    <controls>
        <control type="image">
            <left>240</left>
            <top>60</top>
			<width>800</width>
			<height>600</height>
			<texture border="40">DialogBack.png</texture>
        </control>
        <control type="image">
			<description>Dialog Header image</description>
			<left>280</left>
			<top>76</top>
			<width>720</width>
			<height>40</height>
			<texture>dialogheader.png</texture>
		</control>
        <control type="label">
            <left>280</left>
			<top>80</top>
			<width>720</width>
			<height>30</height>
			<font>font13_title</font>
            <label>$INFO[System.AddonTitle(script.pseudotv),, - ]$LOCALIZE[19029] $LOCALIZE[10507]</label>
            <align>center</align>
			<aligny>center</aligny>
			<textcolor>selected</textcolor>
			<shadowcolor>black</shadowcolor>
        </control>
        <control type="group" id="105">
            <left>240</left>
            <top>130</top>
			<width>720</width>
			<height>455</height>
            <control type="label">
                <left>40</left>
                <top>0</top>
                <width>100</width>
                <height>35</height>
                <font>font13_title</font>
                <textcolor>blue</textcolor>
                <shadowcolor>black</shadowcolor>
                <align>left</align>
                <aligny>center</aligny>
                <label>$LOCALIZE[19029]</label>
            </control>
            <control type="label">
                <left>690</left>                
                <top>0</top>
                <width>100</width>
                <height>35</height>
                <font>font13_title</font>
                <textcolor>blue</textcolor>
                <shadowcolor>black</shadowcolor>
                <align>left</align>
                <aligny>center</aligny>
                <label>$LOCALIZE[33029]</label>
            </control>
           <control type="list" id="102">
                <description>All channels list</description>
                <left>30</left>
                <top>40</top>
                <onup>102</onup>
                <ondown>102</ondown>
                <onright>103</onright>
                <onleft>103</onleft>
                <width>730</width>
                <height>450</height>
                <pagecontrol>103</pagecontrol>
                <itemlayout width="730" height="45">
                    <control type="image">
                        <left>5</left>
                        <top>0</top>
                        <width>720</width>
                        <height>40</height>
                        <texture border="5">button-nofocus.png</texture>
                    </control>
                    <control type="label">
                        <left>40</left>
                        <top>0</top>
                        <width>150</width>
                        <height>40</height>
                        <aligny>center</aligny>
                        <align>left</align>
                        <textcolor>grey2</textcolor>
                        <info>ListItem.Label</info>
                    </control>
                    <control type="label">
                        <left>700</left>
                        <top>0</top>
                        <width>420</width>
                        <height>40</height>
                        <aligny>center</aligny>
                        <align>right</align>
                        <textcolor>grey2</textcolor>
                        <info>ListItem.Label2</info>
                    </control>
                </itemlayout>
                <focusedlayout width="730" height="45">
                    <control type="image">
                        <left>5</left>
                        <top>0</top>
                        <width>720</width>
                        <height>40</height>
                        <texture border="5">button-focus2.png</texture>
                    </control>
                    <control type="label">
                        <left>40</left>
                        <top>0</top>
                        <width>150</width>
                        <height>40</height>
                        <focusedcolor>white</focusedcolor>
                        <aligny>center</aligny>
                        <align>left</align>
                        <info>ListItem.Label</info>
                    </control>
                    <control type="label">
                        <left>700</left>
                        <top>0</top>
                        <width>420</width>
                        <height>40</height>
                        <aligny>center</aligny>
                        <align>right</align>
                        <focusedcolor>white</focusedcolor>
                        <info>ListItem.Label2</info>
                    </control>
                </focusedlayout>
            </control>
            <control type="scrollbar" id="103">
                <left>765</left>
                <top>40</top>
                <width>25</width>
                <height>450</height>
                <texturesliderbackground border="0,14,0,14">ScrollBarV.png</texturesliderbackground>
                <texturesliderbar border="2,16,2,16">ScrollBarV_bar.png</texturesliderbar>
                <texturesliderbarfocus border="2,16,2,16">ScrollBarV_bar_focus.png</texturesliderbarfocus>
                <textureslidernib>ScrollBarNib.png</textureslidernib>
                <textureslidernibfocus>ScrollBarNib.png</textureslidernibfocus>
                <onup>103</onup>
                <ondown>103</ondown>
                <onleft>102</onleft>
                <onright>102</onright>
                <showonepage>false</showonepage>
                <orientation>vertical</orientation>
                <visible>Control.IsVisible(102)</visible>
            </control>
        </control>

        <!-- Controls for configuring a single channel -->
        <control type="group" id="106">
            <left>240</left>
            <top>110</top>
			<width>720</width>
			<height>455</height>
            <control type="label" id="104">
                <left>40</left>
                <top>20</top>
                <width>720</width>
                <height>35</height>               
                <font>font13_title</font>
                <textcolor>blue</textcolor>
                <shadowcolor>black</shadowcolor>
                <aligny>center</aligny>
                <align>left</align>
            </control>     
            <control type="image">
                <left>40</left>
                <top>60</top>
                <width>720</width>
                <height>40</height>
                <texture border="5">button-nofocus.png</texture>              
            </control>
            <control type="image">
                <left>40</left>
                <top>60</top>
                <width>720</width>
                <height>40</height>
                <texture border="5">button-focus2.png</texture>
                <visible>Control.HasFocus(110) | Control.HasFocus(111)</visible>               
            </control>
            <control type="label">
                <left>47</left>
                <top>60</top>
                <width>200</width>
                <height>40</height>
                <textcolor>white</textcolor>
                <aligny>center</aligny>
                <align>left</align>
                <label>$LOCALIZE[19029] $LOCALIZE[35501]:</label>
            </control>
            <control type="label" id="109">
                <right>50</right>
                <top>60</top>
                <width>270</width>
                <height>40</height>
                <textcolor>white</textcolor>
                <aligny>center</aligny>
                <align>right</align>
            </control>
            <control type="button" id="110">
                <left>687</left>
                <top>69</top>
                <width>33</width>
                <height>22</height>
                <texturefocus>scroll-down-focus-2.png</texturefocus>
                <texturenofocus>scroll-down-2.png</texturenofocus>
                <onleft>111</onleft>
                <onright>111</onright>
            </control>
            <control type="button" id="111">
                <left>720</left>
                <top>69</top>
                <width>33</width>
                <height>22</height>
                <texturefocus>scroll-up-focus-2.png</texturefocus>
                <texturenofocus>scroll-up-2.png</texturenofocus>
                <onleft>110</onleft>
                <onright>110</onright>
            </control>
            
            <!-- ADV CHANNEL RULES -->
            <control type="button" id="114">
                <left>205</left>
                <top>440</top>
                <width>410</width>
				<height>40</height>
				<align>center</align>
				<aligny>center</aligny>
				<font>font13</font>
                <label>$LOCALIZE[10038] $LOCALIZE[19029] $LOCALIZE[5]</label>
                <texturefocus border="5">button-focus.png</texturefocus>
                <texturenofocus border="5">button-nofocus.png</texturenofocus>
                <textcolor>grey2</textcolor>
                <focusedcolor>white</focusedcolor>
                <onup>107</onup>
                <ondown>112</ondown>
            </control>
            <!-- OK -->
            <control type="button" id="112">               
                <left>205</left>
                <top>485</top>
                <width>200</width>
				<height>40</height>
                <label>$LOCALIZE[186]</label>
                <texturefocus border="5">button-focus.png</texturefocus>
                <texturenofocus border="5">button-nofocus.png</texturenofocus>
                <textcolor>grey2</textcolor>
                <focusedcolor>white</focusedcolor>
                <onup>114</onup>
                <onleft>113</onleft>
                <onright>113</onright>
                <align>center</align>
            </control>
            <!-- CANCEL -->
            <control type="button" id="113">
                <left>415</left>
                <top>485</top>
                <width>200</width>
				<height>40</height>
                <label>$LOCALIZE[222]</label>
                <texturefocus border="5">button-focus.png</texturefocus>
                <texturenofocus border="5">button-nofocus.png</texturenofocus>
                <textcolor>grey2</textcolor>
                <focusedcolor>white</focusedcolor>
                <onup>114</onup>
                <onleft>112</onleft>
                <onright>112</onright>
                <align>center</align>
            </control>
        </control>

        <control type="group" id="107">
            <!-- Controls for type Custom Playlist -->
            <control type="group" id="120">
                <left>240</left>
                <top>110</top>
                <width>720</width>
                <height>455</height>
                <control type="button" id="130">
                    <left>40</left>
                    <top>105</top>
                    <width>720</width>
                    <height>40</height>
                    <texturefocus border="5">button-focus2.png</texturefocus>
                    <texturenofocus border="5">button-nofocus.png</texturenofocus>
                    <textcolor>white</textcolor>                   
                    <align>left</align>
                    <onup>110</onup>
                    <ondown>114</ondown>
                </control>
                <control type="label">
                    <left>47</left>
                    <top>105</top>
                    <width>720</width>
                    <height>35</height>               
                    <font>font13</font>
                    <textcolor>white</textcolor>
                    <aligny>center</aligny>
                    <align>left</align>
                </control>
            </control>
    
            <!-- Controls for type TV Network -->
            <control type="group" id="121">
                <left>240</left>
                <top>110</top>
                <width>720</width>
                <height>455</height>                
                <control type="image">
                    <left>40</left>
                    <top>105</top>
                    <width>720</width>
                    <height>40</height>
                    <texture border="5">button-nofocus.png</texture>              
                </control>
                <control type="image">
                    <left>40</left>
                    <top>105</top>
                    <width>720</width>
                    <height>40</height>
                    <texture border="5">button-focus2.png</texture>
                    <visible>Control.HasFocus(140) | Control.HasFocus(141)</visible>               
                </control>    
                <control type="label">
                    <left>47</left>
                    <top>105</top>
                    <width>200</width>
                    <height>40</height>
                    <textcolor>white</textcolor>
                    <label>$LOCALIZE[705]:</label>
                    <aligny>center</aligny>
                    <align>left</align>
                </control>    
                <control type="label" id="142">
                    <right>50</right>
                    <top>105</top>
                    <width>270</width>
                    <height>40</height>
                    <textcolor>white</textcolor>
                    <aligny>center</aligny>
                    <align>right</align>
                </control>    
                <control type="button" id="140">
                    <left>687</left>
                    <top>114</top>
                    <width>33</width>
                    <height>22</height>
                    <texturefocus>scroll-down-focus-2.png</texturefocus>
                    <texturenofocus>scroll-down-2.png</texturenofocus>
                    <onup>110</onup>
                    <ondown>114</ondown>
                    <onleft>141</onleft>
                    <onright>141</onright>
                </control>    
                <control type="button" id="141">
                    <left>720</left>
                    <top>114</top>
                    <width>33</width>
                    <height>22</height>
                    <texturefocus>scroll-up-focus-2.png</texturefocus>
                    <texturenofocus>scroll-up-2.png</texturenofocus>
                    <onup>111</onup>
                    <ondown>113</ondown>
                    <onleft>140</onleft>
                    <onright>140</onright>
                </control>
            </control>
            
            <!-- Controls for type Movie Studio -->
            <control type="group" id="122">
                <left>240</left>
                <top>110</top>
                <width>720</width>
                <height>455</height>               
                <control type="image">
                    <left>40</left>
                    <top>105</top>
                    <width>720</width>
                    <height>40</height>
                    <texture border="5">button-nofocus.png</texture>              
                </control>
                <control type="image">
                    <left>40</left>
                    <top>105</top>
                    <width>720</width>
                    <height>40</height>
                    <texture border="5">button-focus2.png</texture>
                    <visible>Control.HasFocus(150) | Control.HasFocus(151)</visible>               
                </control>    
                <control type="label">
                    <left>47</left>
                    <top>105</top>
                    <width>200</width>
                    <height>40</height>
                    <textcolor>white</textcolor>
                    <label>$LOCALIZE[572]:</label>
                    <aligny>center</aligny>
                    <align>left</align>
                </control>    
                <control type="label" id="152">
                    <right>50</right>
                    <top>105</top>
                    <width>270</width>
                    <height>40</height>
                    <textcolor>white</textcolor>
                    <aligny>center</aligny>
                    <align>right</align>
                </control>    
                <control type="button" id="150">
                    <left>687</left>
                    <top>114</top>
                    <width>33</width>
                    <height>22</height>
                    <texturefocus>scroll-down-focus-2.png</texturefocus>
                    <texturenofocus>scroll-down-2.png</texturenofocus>
                    <onup>110</onup>
                    <ondown>114</ondown>
                    <onleft>151</onleft>
                    <onright>151</onright>
                </control>    
                <control type="button" id="151">
                    <left>720</left>
                    <top>114</top>
                    <width>33</width>
                    <height>22</height>
                    <texturefocus>scroll-up-focus-2.png</texturefocus>
                    <texturenofocus>scroll-up-2.png</texturenofocus>
                    <onup>111</onup>
                    <ondown>113</ondown>
                    <onleft>150</onleft>
                    <onright>150</onright>
                </control>
            </control>
    
            <!-- Controls for type TV Genre -->
            <control type="group" id="123">
                <left>240</left>
                <top>110</top>
                <width>720</width>
                <height>455</height>                
                <control type="image">
                    <left>40</left>
                    <top>105</top>
                    <width>720</width>
                    <height>40</height>
                    <texture border="5">button-nofocus.png</texture>              
                </control>
                <control type="image">
                    <left>40</left>
                    <top>105</top>
                    <width>720</width>
                    <height>40</height>
                    <texture border="5">button-focus2.png</texture>
                    <visible>Control.HasFocus(160) | Control.HasFocus(161)</visible>               
                </control>    
                <control type="label">
                    <left>47</left>
                    <top>105</top>
                    <width>200</width>
                    <height>40</height>
                    <textcolor>white</textcolor>
                    <label>$LOCALIZE[515]:</label>
                    <aligny>center</aligny>
                    <align>left</align>
                </control>   
                <control type="label" id="162">
                    <right>50</right>
                    <top>105</top>
                    <width>270</width>
                    <height>40</height>
                    <textcolor>white</textcolor>
                    <aligny>center</aligny>
                    <align>right</align>
                </control>   
                <control type="button" id="160">
                    <left>687</left>
                    <top>114</top>
                    <width>33</width>
                    <height>22</height>
                    <texturefocus>scroll-down-focus-2.png</texturefocus>
                    <texturenofocus>scroll-down-2.png</texturenofocus>
                    <onup>110</onup>
                    <ondown>114</ondown>
                    <onleft>161</onleft>
                    <onright>161</onright>
                </control>    
                <control type="button" id="161">
                    <left>720</left>
                    <top>114</top>
                    <width>33</width>
                    <height>22</height>
                    <texturefocus>scroll-up-focus-2.png</texturefocus>
                    <texturenofocus>scroll-up-2.png</texturenofocus>
                    <onup>111</onup>
                    <ondown>113</ondown>
                    <onleft>160</onleft>
                    <onright>160</onright>
                </control>
            </control>
    
            <!-- Controls for type Movie Genre -->
            <control type="group" id="124">
                <left>240</left>
                <top>110</top>
                <width>720</width>
                <height>455</height>                
                <control type="image">
                    <left>40</left>
                    <top>105</top>
                    <width>720</width>
                    <height>40</height>
                    <texture border="5">button-nofocus.png</texture>              
                </control>
                <control type="image">
                    <left>40</left>
                    <top>105</top>
                    <width>720</width>
                    <height>40</height>
                    <texture border="5">button-focus2.png</texture>
                    <visible>Control.HasFocus(170) | Control.HasFocus(171)</visible>               
                </control>    
                <control type="label">
                    <left>47</left>
                    <top>105</top>
                    <width>200</width>
                    <height>40</height>
                    <textcolor>white</textcolor>
                    <label>$LOCALIZE[515]:</label>
                    <aligny>center</aligny>
                    <align>left</align>
                </control>    
                <control type="label" id="172">
                    <right>50</right>
                    <top>105</top>
                    <width>270</width>
                    <height>40</height>
                    <textcolor>white</textcolor>
                    <aligny>center</aligny>
                    <align>right</align>
                </control>    
                <control type="button" id="170">
                    <left>687</left>
                    <top>114</top>
                    <width>33</width>
                    <height>22</height>
                    <texturefocus>scroll-down-focus-2.png</texturefocus>
                    <texturenofocus>scroll-down-2.png</texturenofocus>
                    <onup>110</onup>
                    <ondown>114</ondown>
                    <onleft>171</onleft>
                    <onright>171</onright>
                </control>   
                <control type="button" id="171">
                    <left>720</left>
                    <top>114</top>
                    <width>33</width>
                    <height>22</height>
                    <texturefocus>scroll-up-focus-2.png</texturefocus>
                    <texturenofocus>scroll-up-2.png</texturenofocus>
                    <onup>111</onup>
                    <ondown>113</ondown>
                    <onleft>170</onleft>
                    <onright>170</onright>
                </control>
            </control>
    
            <!-- Controls for type Mixed Genre -->
            <control type="group" id="125">
                <left>240</left>
                <top>110</top>
                <width>720</width>
                <height>455</height>                
                <control type="image">
                    <left>40</left>
                    <top>105</top>
                    <width>720</width>
                    <height>40</height>
                    <texture border="5">button-nofocus.png</texture>              
                </control>
                <control type="image">
                    <left>40</left>
                    <top>105</top>
                    <width>720</width>
                    <height>40</height>
                    <texture border="5">button-focus2.png</texture>
                    <visible>Control.HasFocus(180) | Control.HasFocus(181)</visible>               
                </control>    
                <control type="label">
                    <left>47</left>
                    <top>105</top>
                    <width>200</width>
                    <height>40</height>
                    <textcolor>white</textcolor>
                    <label>$LOCALIZE[515]:</label>
                    <aligny>center</aligny>
                    <align>left</align>
                </control>    
                <control type="label" id="182">
                    <right>50</right>
                    <top>105</top>
                    <width>270</width>
                    <height>40</height>
                    <textcolor>white</textcolor>
                    <aligny>center</aligny>
                    <align>right</align>
                </control>    
                <control type="button" id="180">
                    <left>687</left>
                    <top>114</top>
                    <width>33</width>
                    <height>22</height>
                    <texturefocus>scroll-down-focus-2.png</texturefocus>
                    <texturenofocus>scroll-down-2.png</texturenofocus>
                    <onup>110</onup>
                    <ondown>114</ondown>
                    <onleft>181</onleft>
                    <onright>181</onright>
                </control>    
                <control type="button" id="181">
                    <left>720</left>
                    <top>114</top>
                    <width>33</width>
                    <height>22</height>
                    <texturefocus>scroll-up-focus-2.png</texturefocus>
                    <texturenofocus>scroll-up-2.png</texturenofocus>
                    <onup>111</onup>
                    <ondown>113</ondown>
                    <onleft>180</onleft>
                    <onright>180</onright>
                </control>
            </control>
    
            <!-- Controls for type TV Show -->
            <control type="group" id="126">
                <left>240</left>
                <top>110</top>
                <width>720</width>
                <height>455</height>                
                <control type="image">
                    <left>40</left>
                    <top>105</top>
                    <width>720</width>
                    <height>40</height>
                    <texture border="5">button-nofocus.png</texture>              
                </control>
                <control type="image">
                    <left>40</left>
                    <top>105</top>
                    <width>720</width>
                    <height>40</height>
                    <texture border="5">button-focus2.png</texture>
                    <visible>Control.HasFocus(190) | Control.HasFocus(191)</visible>               
                </control>    
                <control type="label">
                    <left>47</left>
                    <top>105</top>
                    <width>200</width>
                    <height>40</height>
                    <textcolor>white</textcolor>
                    <label>$LOCALIZE[20364]:</label>
                    <aligny>center</aligny>
                    <align>left</align>
                </control>    
                <control type="label" id="192">
                    <right>50</right>
                    <top>105</top>
                    <width>270</width>
                    <height>40</height>
                    <textcolor>white</textcolor>
                    <aligny>center</aligny>
                    <align>right</align>
                </control>    
                <control type="button" id="190">
                    <left>687</left>
                    <top>114</top>
                    <width>33</width>
                    <height>22</height>
                    <texturefocus>scroll-down-focus-2.png</texturefocus>
                    <texturenofocus>scroll-down-2.png</texturenofocus>
                    <onup>110</onup>
                    <ondown>194</ondown>
                    <onleft>191</onleft>
                    <onright>191</onright>
                </control>    
                <control type="button" id="191">
                    <left>720</left>
                    <top>114</top>
                    <width>33</width>
                    <height>22</height>
                    <texturefocus>scroll-up-focus-2.png</texturefocus>
                    <texturenofocus>scroll-up-2.png</texturenofocus>
                    <onup>111</onup>
                    <ondown>194</ondown>
                    <onleft>190</onleft>
                    <onright>190</onright>
                </control>   
                <control type="radiobutton" id="194">
                    <left>40</left>
                    <top>150</top>
                    <width>720</width>
                    <height>40</height>
                    <textureradioonfocus>radiobutton-focus.png</textureradioonfocus>
                    <textureradioonnofocus>radiobutton-focus.png</textureradioonnofocus>
                    <textureradioofffocus>radiobutton-nofocus.png</textureradioofffocus>
                    <textureradiooffnofocus>radiobutton-nofocus.png</textureradiooffnofocus>
                    <texturefocus border="5">button-focus2.png</texturefocus>
                    <texturenofocus border="5">button-nofocus.png</texturenofocus>
                    <label>$LOCALIZE[581] ($LOCALIZE[20359])</label>
                    <onup>190</onup>
                    <ondown>114</ondown>
                </control>
            </control>
    
            <!-- Controls for type Directory -->
            <control type="group" id="127">
                <left>240</left>
                <top>110</top>
                <width>720</width>
                <height>455</height>
                <control type="button" id="200">
                    <left>40</left>
                    <top>105</top>
                    <width>720</width>
                    <height>40</height>
                    <textcolor>white</textcolor>
                    <texturefocus border="5">button-focus2.png</texturefocus>
                    <texturenofocus border="5">button-nofocus.png</texturenofocus>
                    <textoffsetx>7</textoffsetx>
                    <align>right</align>
                    <onup>110</onup>
                    <ondown>114</ondown>
                </control>
                <control type="label">
                    <left>47</left>
                    <top>105</top>
                    <width>200</width>
                    <height>40</height>
                    <textcolor>white</textcolor>
                    <label>$LOCALIZE[16015]:</label>
                    <aligny>center</aligny>                   
                </control>
            </control>
        </control>
    </controls>
</window>
