<?xml version="1.0" encoding="UTF-8" standalone="yes"?>
    <addon id="script.pseudotv.live" version="0.5.7f" name="PseudoTV Live" provider-name="Lunatixz">
    <requires>
        <import addon="xbmc.python" version="2.1.0"/>
        <import addon="script.common.plugin.cache" version="0.9.1"/>
        <import addon="script.module.buggalo" version="1.1.2"/>
        <import addon="script.module.requests" version="1.1.0"/>
        <import addon="script.module.simplejson" version="0.9.1"/>
        <import addon="script.module.feedparser" version="0.9.1"/>
        <import addon="script.module.metahandler" version="2.3.1" />
        <import addon="script.module.addon.common" version="0.9.1"/>
        <import addon="script.module.beautifulsoup" version="3.2.1"/>
        <import addon="script.module.simple.downloader" version="1.9.4" />
        <import addon="script.module.pil" version="1.1.7"/>
        <import addon="plugin.video.youtube" version="0.9.1"/>
        <import addon="plugin.video.vimeo" optional="true"/>
        <import addon="plugin.video.ustvnow" optional="true"/>
        <import addon="script.artwork.downloader" optional="true"/>
        <import addon="script.tv.show.next.aired" optional="true"/>
        <import addon="plugin.video.usiptv" optional="true"/>
        <import addon="plugin.video.mystreamstv.beta" optional="true"/>
        <import addon="script.extendedinfo" optional="true"/>
        <import addon="plugin.program.super.favourites" optional="true" />
    </requires>
    <extension point="xbmc.python.script"
        defaultresolution="720p"
        defaultresolutionwide="720p"
        library="default.py"/>
    <extension point="xbmc.service" library="service.py" start="startup"/>
    <extension point="xbmc.addon.metadata">
        <platform>all</platform>
        <minversion></minversion>
        <summary lang="en">Channel surfing for your video library and online sources</summary>
        <description lang="en">PseudoTV Live acts similar to normal broadcast or cable TV, complete with multiple preset and user-defined channels and an EPG. 
        PseudoTV Live can directly integrate with various Kodi plugins and video sources such as Playon, Hdhomerun and PVR backends.</description>
        <license>GNU GENERAL PUBLIC LICENSE. Version 3, June 2007</license>
        <website>www.pseudotv.com</website>
        <source>http://github.com/Lunatixz/script.pseudotv.live</source>
    </extension>
</addon>