<?xml version="1.0" encoding="UTF-8"?>
<window>
    <allowoverlay>no</allowoverlay>
    <coordinates>
        <system>1</system>
        <posx>0</posx>
        <posy>0</posy>
    </coordinates>
    <controls>
        <control type="image" id="103">
			<description>Channel Bug</description>
			<left>1130</left>
			<top>635</top>
			<width>130</width>
			<height>75</height>
			<aspectratio>keep</aspectratio>
			<animation effect="fade" start="50" end="50" condition="True">conditional</animation>
            <visible>Player.HasVideo</visible>
		</control>
        <!--HEADER-->
        <control type="group">
            <animation effect="slide" start="0,-67" end="0,0" time="200">WindowOpen</animation>
            <animation effect="slide" start="0,-67" end="0,0" time="200">VisibleChange</animation>
            <visible>!Window.IsActive(videoosd) + control.IsVisible(102)</visible>
            <control type="image">
                <posx>0</posx>
                <posy>0</posy>
                <width>1280</width>
                <height>95</height>
                <texture border="1,1,1,40">topbar.png</texture>
            </control>
            <control type="grouplist">
                <posx>0</posx>
                <posy>0</posy>
                <width>1280</width>
                <height>60</height>
                <align>center</align>
                <aligny>center</aligny>
                <itemgap>0</itemgap>
                <orientation>horizontal</orientation>                   
                <control type="image" id="800011">
                    <width>213</width>
                    <height>60</height>
                    <texture>$INFO[VideoPlayer.Studio,flags/studios/,.png]</texture>
                    <colordiffuse>grey2</colordiffuse>
                    <include>MediaFlagVars</include>
                    <bordersize>2</bordersize>
                    <visible>!IsEmpty(Control.GetLabel(800011))</visible>
                </control>
                <control type="label">
                    <posx>0</posx>
                    <width>213</width>
                    <height>60</height>
                    <align>center</align>
                    <label>$INFO[VideoPlayer.Studio]</label>
                    <textcolor>grey2</textcolor>
                    <font>font10</font>
                    <wrapmultiline>true</wrapmultiline>
                    <visible>IsEmpty(Control.GetLabel(800011))</visible>
                </control>
                <control type="image">
                    <width>213</width>
                    <height>60</height>
                    <texture fallback="flags/mpaa/NR.png">$VAR[VideoRatingFlagVar]</texture>
                    <colordiffuse>grey2</colordiffuse>
                    <include>MediaFlagVars</include>
                    <visible>!VideoPlayer.Content(livetv)</visible>
                </control>
                <control type="image">
                    <width>213</width>
                    <height>60</height>
                    <texture>$INFO[VideoPlayer.VideoResolution,flags/resolution/,.png]</texture>
                    <colordiffuse>grey2</colordiffuse>
                    <include>MediaFlagVars</include>
                </control>
                <control type="image">
                    <width>213</width>
                    <height>60</height>
                    <texture>$INFO[VideoPlayer.AudioCodec,flags/audio/,.png]</texture>
                    <colordiffuse>grey2</colordiffuse>
                    <include>MediaFlagVars</include>
                </control>
                <control type="image">
                    <width>213</width>
                    <height>60</height>
                    <texture>$INFO[VideoPlayer.AudioChannels,flags/channels/,.png]</texture>
                    <colordiffuse>grey2</colordiffuse>
                    <include>MediaFlagVars</include>
                    <visible>VideoPlayer.Content(livetv)</visible>
                </control>
                <control type="image">
                    <width>213</width>
                    <height>60</height>
                    <texture>$VAR[VideoSourceFlagVar,flags/video/,.png]</texture>
                    <colordiffuse>grey2</colordiffuse>
                    <include>MediaFlagVars</include>
                </control>
                <control type="image">
                    <width>213</width>
                    <height>60</height>
                    <texture>$INFO[VideoPlayer.VideoAspect,flags/aspectratio/,.png]</texture>
                    <colordiffuse>grey2</colordiffuse>
                    <include>MediaFlagVars</include>
                </control>
            </control>
        </control>
        
        <!--FOOTER-->
        <control type="group">
            <posy>673</posy>
            <animation effect="slide" start="0,60" end="0,0" time="200">WindowOpen</animation>
            <animation effect="slide" start="0,60" end="0,0" time="200">VisibleChange</animation>
            <visible>!Window.IsActive(videoosd) + control.IsVisible(102)</visible>
            <control type="image">
                <posx>0</posx>
                <posy>0</posy>
                <width>1280</width>
                <height>50</height>
                <texture border="1,32,1,1">bottombar.png</texture>
            </control>
            <control type="progress">
                <posx>0</posx>
                <posy>22</posy>
                <width>1280</width>
                <height>24</height>
                <texturebg border="2">osd/texturebg.png</texturebg>
                <lefttexture>-</lefttexture>
                <midtexture border="2">osd/midtexture_cache.png</midtexture>
                <righttexture>-</righttexture>
                <overlaytexture>-</overlaytexture>
                <info>Player.ProgressCache</info>
            </control>
            <control type="progress">
                <posx>0</posx>
                <posy>22</posy>
                <width>1280</width>
                <height>24</height>
                <texturebg border="1">osd/texturebg_cache.png</texturebg>
                <lefttexture>-</lefttexture>
                <midtexture border="2">osd/midtexture.png</midtexture>
                <righttexture>-</righttexture>
                <overlaytexture>-</overlaytexture>
                <info>Player.Progress</info>
                <colordiffuse>AAffffff</colordiffuse>
            </control>
            <control type="label">
                <posy>19</posy>
                <width>600</width>
                <height>60</height>
                <textoffsetx>10</textoffsetx>
                <textoffsety>-1</textoffsety>
                <align>left</align>
                <aligny>top</aligny>
                <label>$VAR[PlayerTitleLabelVar]</label>
                <shadowcolor>shadow</shadowcolor>
                <textcolor>grey2</textcolor>
                <font>font14_title</font>
            </control>
            <control type="label">
                <posx>0</posx>
                <posy>19</posy>
                <width>1280</width>
                <height>60</height>
                <textoffsetx>10</textoffsetx>
                <textoffsety>-1</textoffsety>
                <align>center</align>
                <aligny>top</aligny>
                <label>$VAR[SeekLabelVar]</label>
                <shadowcolor>shadow</shadowcolor>
                <textcolor>grey2</textcolor>
                <font>font14_title</font>
                <visible>!VideoPlayer.Content(LiveTV)</visible>
            </control>
            <control type="label">
                <posx>0</posx>
                <posy>19</posy>
                <width>1280</width>
                <height>60</height>
                <textoffsetx>10</textoffsetx>
                <textoffsety>-1</textoffsety>
                <align>center</align>
                <aligny>top</aligny>
                <label>$INFO[System.Time]$INFO[VideoPlayer.EndTime, / ]</label>
                <shadowcolor>shadow</shadowcolor>
                <textcolor>grey2</textcolor>
                <font>font14_title</font>
                <visible>VideoPlayer.Content(LiveTV)</visible>
            </control>
            <control type="label">
                <posx>1280</posx>
                <posy>19</posy>
                <width>600</width>
                <height>60</height>
                <textoffsetx>10</textoffsetx>
                <textoffsety>-1</textoffsety>
                <align>right</align>
                <aligny>top</aligny>
                <label>$INFO[Player.Time]$INFO[Player.Duration, / ]</label>
                <shadowcolor>shadow</shadowcolor>
                <textcolor>grey2</textcolor>
                <font>font14_title</font>
                <visible>!VideoPlayer.Content(LiveTV)</visible>
            </control>
            <control type="label">
                <posx>1280</posx>
                <posy>19</posy>
                <width>600</width>
                <height>60</height>
                <textoffsetx>10</textoffsetx>
                <textoffsety>-1</textoffsety>
                <align>right</align>
                <aligny>top</aligny>
                <label>$INFO[VideoPlayer.NextTitle,$LOCALIZE[19031]: ]</label>
                <shadowcolor>shadow</shadowcolor>
                <textcolor>grey2</textcolor>
                <font>font14_title</font>
                <visible>VideoPlayer.Content(LiveTV)</visible>
            </control>
            <control type="slider" id="401">
                <description>Seek Slider</description>
                <width>1280</width>
                <height>8</height>
                <left>0</left>
                <top>0</top>
                <texturesliderbar>seekslider2.png</texturesliderbar>
                <textureslidernib>osd_slider_nib.png</textureslidernib>
                <textureslidernibfocus>osd_slider_nib.png</textureslidernibfocus>
                <visible>Player.Seeking</visible>
            </control>
        </control>
        <control type="image">
            <posx>980</posx>
            <posy>520</posy>
            <width>300</width>
            <height>169</height>
            <aspectratio aligny="bottom" align="right">keep</aspectratio>
            <texture background="true">$VAR[PlayerArtworkVar]</texture>
            <visible>!Window.IsActive(videoosd) + control.IsVisible(102)</visible>
            <animation effect="slide" start="0,200" end="0,0" time="200">WindowOpen</animation>
            <animation effect="slide" start="0,200" end="0,0" time="200">VisibleChange</animation>
        </control>
                        
        <control type="group" id="102">
            <control type="group">
                <visible>false</visible>
                <control type="image" id="101">
                    <description>Background Channel Change</description>
                    <left>-10</left>
                    <top>-10</top>
                    <width>0</width>
                    <height>0</height>
                </control>
                <control type="label"  id="502">
                    <description>Label Now Playing</description>
                    <left>-10</left>
                    <top>-10</top>
                    <width>0</width>
                    <height>0</height>
                </control>
                <control type="label" id="503">
                    <description>Label Show Title</description>
                    <left>-10</left>
                    <top>-10</top>
                    <width>0</width>
                    <height>0</height>
                </control>
                <control type="label" id="504">
                    <description>Label Episode Title</description>
                    <left>-10</left>
                    <top>-10</top>
                    <width>0</width>
                    <height>0</height>
                </control>
                <control type="label" id="505">
                    <description>Label Show Description</description>
                    <left>-10</left>
                    <top>-10</top>
                    <width>0</width>
                    <height>0</height>
                </control>
                <control type="image" id="506">
                    <description>Show Channel Icon</description>
                    <left>-10</left>
                    <top>-10</top>
                    <width>0</width>
                    <height>0</height>
                </control>
            </control>
		</control>
  
    </controls>
</window>
