<window>
    <allowoverlay>no</allowoverlay>
    <coordinates>
        <system>1</system>
        <posx>0</posx>
        <posy>0</posy>
    </coordinates>
    <controls>
        <control type="image">
            <description>Background</description>
            <posx>0</posx>
            <posy>0</posy>
            <width>1280</width>
            <height>720</height>
            <texture>pstvlHeader.png</texture>
            <visible>Control.IsVisible(101)</visible>
        </control>
        <control type="label" id="101">
            <description>Background</description>
            <posx>0</posx>
            <posy>0</posy>
            <width>1280</width>
            <height>720</height>
            <label></label>
            <font>font30</font>
            <align>center</align>
            <aligny>center</aligny>
        </control>  
        <control type="image" id="103">
            <description>Channel Bug</description>
            <posx>150r</posx>
            <posy>125r</posy>
            <width>100</width>
            <height>100</height>
            <aspectratio>keep</aspectratio>
            <texture></texture>
            <animation effect="fade" start="40" end="40" condition="True">Conditional</animation>
        </control>
        <control type="group" id="102">
            <animation effect="fade" time="500">VisibleChange</animation>
            <control type="image">
                <description>Info Background Image</description>
                <posx>0</posx>
                <posy>0</posy>
                <width>1280</width>
                <height>720</height>
                <texture>pstvlInfoWindow.png</texture>
            </control>
            <!--line 1 -->
            <control type="grouplist">
                <posx>155</posx>
                <posy>500</posy>
                <width>850</width>
                <height>30</height>
                <orientation>horizontal</orientation>
                <itemgap>5</itemgap>
                <control type="label" id="502">
                    <description>Now watching Label</description>
                    <width>175</width>
                    <height>30</height>
                    <label>Now watching </label>
                    <font>Font_Bold34</font>
                    <align>center</align>
                    <textcolor>FFFFFFFF</textcolor>
                </control>   
                <control type="label" id="503">
                    <description>Showtitle Label</description>
                    <width min="5" max="650">auto</width>
                    <height>30</height>
                    <label></label>
                    <font>Font_Bold34</font>
                    <align>left</align>
                    <textcolor>FF00b4db</textcolor>
                </control>
                <control type="label">
                    <description>Showtitle Sep Label</description>
                    <width>10</width>
                    <height>30</height>
                    <label>�</label>
                    <font>font12</font>
                    <align>center</align>
                    <aligny>center</aligny>
                    <textcolor>FF00b4db</textcolor>
                    <visible>!VideoPlayer.Content(movie)</visible>
                </control>
                <control type="label" id="504">
                    <description>ShowTitle Description</description>
                    <width min="15" max="800">auto</width>
                    <height>30</height>
                    <label></label>
                    <font>Font_Reg28</font>
                    <align>left</align>
                    <textcolor>FFFFFFFF</textcolor>
                </control>
                <control type="image" id="511">
                    <description>Sickbeard/Couchpotato Icon</description>            
                    <width>30</width>
                    <height>30</height>
                    <aspectratio>keep</aspectratio>
                </control>
            </control>
            <!--Channel Name Text-->
            <control type="label" id="300">
                <description>Channel Name</description>
                <width min="5" max="600">auto</width>
                <height>30</height>
                <label></label>
                <font>font13</font>
                <align>left</align>
                <aligny>center</aligny>
                <textcolor>FFFFFFFF</textcolor>
                <visible>false</visible>
            </control>
            <!--line 2 logos-->      
            <control type="group">  
                <posx>155</posx>
                <posy>540</posy>        
                <control type="button" id="509">
                    <description>Dynamic art</description>
                    <label>logo</label>
                    <visible>false</visible>
                </control>
                <control type="image" id="510">
                    <description>Dynamic art</description>
                    <width>170</width>
                    <height>75</height>
                    <align>center</align>
                    <aspectratio>keep</aspectratio>
                </control>
            </control>
            <control type="group">  
                <control type="button" id="507">
                    <description>Dynamic art</description>
                    <label>poster</label>
                    <visible>false</visible>
                </control>
                <control type="image" id="508">
                    <posx>1040</posx>
                    <posy>420</posy>  
                    <description>Dynamic art</description>
                    <colordiffuse>FFFFFFFF</colordiffuse>
                    <width max="200">auto</width>
                    <height max="300">auto</height>
                    <align>center</align>
                    <aspectratio>keep</aspectratio>
                </control>
                <control type="image" id="512">
                    <description>Unaired NEW Icon</description>    
                    <posx>1037</posx>
                    <posy>422</posy>         
                    <width>100</width>
                    <height>100</height>
                    <aspectratio>keep</aspectratio>
                </control>
            </control>
        <control type="label" id="505">
            <description>Show Description</description>
            <posx>335</posx>
            <posy>540</posy>
            <width min="635" max="645">auto</width>
            <height>50</height>
            <align>left</align>
            <aligny>top</aligny>
            <label></label>
            <textcolor>FFFFFFFF</textcolor>
            <font>font12</font>
            <wrapmultiline>true</wrapmultiline>
            <autoscroll time="1000" delay="1000" repeat="2000">Skin.HasSetting(AutoScroll)</autoscroll>
        </control>
<!--line 3 logos-->
        <control type="grouplist">
            <posx>155</posx>
            <posy>625</posy>
            <width>850</width>
            <height>30</height>
            <itemgap>5</itemgap>
            <orientation>horizontal</orientation>
            <control type="image">
                <description>Video rez Image</description>
                <width>30</width>
                <height>30</height>
                <aspectratio>keep</aspectratio>
                <texture>$INFO[VideoPlayer.VideoResolution,flags\resolution\,.png]</texture>
                <colordiffuse>white</colordiffuse>
                <visible>!IsEmpty(VideoPlayer.VideoResolution)</visible>
            </control>
            <control type="image">
                <description>Codec Image</description>
                <width>30</width>
                <height>30</height>
                <aspectratio>keep</aspectratio>
                <texture>$INFO[VideoPlayer.VideoCodec,flags\source\,.png]</texture>
                <colordiffuse>white</colordiffuse>
                <visible>![substring(VideoPlayer.VideoCodec,div,left) | stringcompare(VideoPlayer.VideoCodec,dx50)]</visible>
            </control>
            <control type="image">
                <description>Codec Image</description>
                <width>30</width>
                <height>30</height>
                <aspectratio>keep</aspectratio>
                <texture>flags\source\divx.png</texture>
                <colordiffuse>white</colordiffuse>
                <visible>[substring(VideoPlayer.VideoCodec,div,left) | stringcompare(VideoPlayer.VideoCodec,dx50)]</visible>
            </control>
            <control type="image">
                <description>Aspectratio Image</description>
                <width>30</width>
                <height>30</height>
                <aspectratio>keep</aspectratio>
                <texture>$INFO[VideoPlayer.VideoAspect,flags\aspectratio\,.png]</texture>
                <colordiffuse>white</colordiffuse>
                <visible>!IsEmpty(VideoPlayer.VideoAspect)</visible>
            </control>
            <control type="image">
                <description>Audio Codec Image</description>
                <width>30</width>
                <height>30</height>
                <aspectratio>keep</aspectratio>
                <texture>$INFO[VideoPlayer.AudioCodec,flags\audio\,.png]</texture>
                <colordiffuse>white</colordiffuse>
            </control>
            <control type="image">
                <description>Audio Channel Image</description>
                <width>30</width>
                <height>30</height>
                <aspectratio>keep</aspectratio>
                <texture>$INFO[VideoPlayer.AudioChannels,flags\audio\,.png]</texture>
                <colordiffuse>white</colordiffuse>
                <visible>!IsEmpty(VideoPlayer.AudioChannels)</visible>
            </control>
            <control type="fadelabel">
                <posy>545</posy>
                <width>645</width>
                <height>30</height>
                <align>left</align>
                <aligny>center</aligny>
                <font>font12</font>
                <textcolor>FFFFFFFF</textcolor>
                <label>$INFO[VideoPlayer.Genre]</label>
                <label>$INFO[VideoPlayer.RatingAndVotes,[COLOR bcicon]$LOCALIZE[31095]:[/COLOR] ]$INFO[VideoPlayer.Top250,[COLOR bcicon] $LOCALIZE[13409][/COLOR] # ]</label>
                <label>$INFO[VideoPlayer.mpaa]</label>
                <label>$INFO[VideoPlayer.TimeRemaining, Remaining: ]</label>
                <scroll>true</scroll>
                <scrollspeed>70</scrollspeed>
                <pauseatend>5000</pauseatend>
                <visible>VideoPlayer.Content(movies)</visible>
            </control>
                <control type="fadelabel">
                <posy>545</posy>
                <width>645</width>
                <height>30</height>
                <align>left</align>
                <aligny>center</aligny>
                <font>font12</font>
                <textcolor>FFFFFFFF</textcolor>
                <label>$INFO[VideoPlayer.Premiered, First aired: ]</label>
                <label>$INFO[Player.Duration, Duration: ]</label>
                <label>$INFO[Player.TimeRemaining, Remaining: ]</label>
                <label>$INFO[PlayerPlayer.FinishTime, Finish By: ]</label>
                <scroll>true</scroll>
                <scrollspeed>70</scrollspeed>
                <pauseatend>5000</pauseatend>
                <visible>VideoPlayer.Content(episodes)</visible>
            </control>
        </control>                
			<control type="image" id="506">
                <description>Channel Logo</description>
                <posx>10</posx>
                <posy>490</posy>
                <width>125</width>
                <height>125</height>
    			<aspectratio>keep</aspectratio>
            </control>
        <control type="label">
            <description>Time</description>
            <posx>17r</posx>
            <posy>5</posy>
            <width min="40" max="100">auto</width>
            <height>30</height>
            <label>$INFO[System.Time]</label>
            <font>font12</font>
            <align>right</align>
            <textcolor>FFFFFFFF</textcolor>
        </control>
        <control type="label" id="551">
            <description>Weather</description>
            <posx>17r</posx>
            <posy>30</posy>
            <width min="40" max="100">auto</width>
            <height>30</height>
            <label>$INFO[Weather.Temperature]</label>
            <font>font12</font>
            <align>right</align>
            <textcolor>FFFFFFFF</textcolor>
        </control>
        </control>
        <!-- Overlay Coming Up Next Popup -->
        <control type="group" id="120">
            <control type="image">
                <animation type="Visible">
                    <effect type="slide" start="285" end="0" time="200"/>
                </animation>
                <animation type="Hidden">
                    <effect type="slide" start="0" end="-285" time="200" />
                </animation> 
                <description>Info Background Image</description>
                <posx>0</posx>
                <posy>0</posy>
                <width>1280</width>
                <height>720</height>
                <texture>pstvlPopupWindow.png</texture>
            </control>
            <control type="group">       
            <control type="button" id="121">
                <description>Notification art type</description>
                <label>logo</label>
                <visible>false</visible>
            </control>
            <control type="image" id="122">
                <description>Notification artwork</description>
                <posx>710</posx>
                <posy>533</posy>   
                <width>170</width>
                <height>75</height>
                <align>center</align>
                <aspectratio>keep</aspectratio>
            </control>
            <control type="label" id="123">
                <description>Notification Title</description>
                <posx>922</posx>
                <posy>525</posy>     
                <width>500</width>
                <height>20</height>
                <label></label>
                <font>font16</font>
                <align>left</align>
                <textcolor>FFFFFFFF</textcolor>
            </control>                  
            <control type="label" id="124">
                <description>Notification Show</description>
                <posx>922</posx>
                <posy>560</posy>  
                <width>500</width>
                <height>20</height>
                <label></label>
                <font>font12</font>
                <align>left</align>
                <textcolor>FFFFFFFF</textcolor>
            </control>          
            <control type="label" id="125">
                <description>Notification Episode</description>
                <posx>922</posx>
                <posy>585</posy>     
                <width>500</width>
                <height>20</height>
                <label></label>
                <font>font12</font>
                <align>left</align>
                <textcolor>FFFFFFFF</textcolor>
            </control>
        </control>
        </control>
         <!-- Overlay Sidebar Menu -->
        <control type="group" id="119">
            <visible></visible>
            <control type="image">
                <description>Background Image</description>
                <posx>0</posx>
                <posy>0</posy>
                <width>1280</width>
                <height>720</height>
                <texture>pstvlMenuWindow.png</texture>
            </control>
            <control type="image" id="995">
                <description>Logo</description>
                <posx>44</posx>
                <posy>0</posy>
                <width>151</width>
                <height>151</height>
                <texture></texture>
                <aspectratio>keep</aspectratio>
                <visible>Control.IsVisible(119)</visible>
            </control>
            <control type="button" id="997">
                <posx>44</posx>
                <posy>160</posy>
                <width>151</width>
                <height>40</height>
                <label></label>
                <align>center</align>
                <aligny>center</aligny>
                <font>font12</font>
                <textcolor>ffffffff</textcolor>
                <texturefocus>pstvButtonFocus.png</texturefocus>
                <texturenofocus>button-nofocus.png</texturenofocus>
                <onup>1010</onup>
                <ondown>998</ondown>
            </control>
            <control type="button" id="998">
                <posx>44</posx>
                <posy>200</posy>
                <width>151</width>
                <height>40</height>
                <label></label>
                <align>center</align>
                <aligny>center</aligny>
                <font>font12</font>
                <textcolor>ffffffff</textcolor>
                <texturefocus>pstvButtonFocus.png</texturefocus>
                <texturenofocus>button-nofocus.png</texturenofocus>
                <onup>997</onup>
                <ondown>999</ondown>
            </control>
            <control type="button" id="999">
                <posx>44</posx>
                <posy>240</posy>
                <width>151</width>
                <height>40</height>
                <label></label>
                <align>center</align>
                <aligny>center</aligny>
                <font>font12</font>
                <textcolor>ffffffff</textcolor>
                <texturefocus>pstvButtonFocus.png</texturefocus>
                <texturenofocus>button-nofocus.png</texturenofocus>
                <onup>998</onup>
                <ondown>1000</ondown>
            </control>
            <control type="button" id="1000">
                <posx>44</posx>
                <posy>280</posy>
                <width>151</width>
                <height>40</height>
                <label></label>
                <align>center</align>
                <aligny>center</aligny>
                <font>font12</font>
                <textcolor>ffffffff</textcolor>
                <texturefocus>pstvButtonFocus.png</texturefocus>
                <texturenofocus>button-nofocus.png</texturenofocus>
                <onup>999</onup>
                <ondown>1001</ondown>
            </control>
            <control type="button" id="1001">
                <posx>44</posx>
                <posy>320</posy>
                <width>151</width>
                <height>40</height>
                <label></label>
                <align>center</align>
                <aligny>center</aligny>
                <font>font12</font>
                <textcolor>ffffffff</textcolor>
                <texturefocus>pstvButtonFocus.png</texturefocus>
                <texturenofocus>button-nofocus.png</texturenofocus>
                <onup>1000</onup>
                <ondown>1002</ondown>
            </control>
            <control type="button" id="1002">
                <posx>44</posx>
                <posy>360</posy>
                <width>151</width>
                <height>40</height>
                <label></label>
                <align>center</align>
                <aligny>center</aligny>
                <font>font12</font>
                <textcolor>ffffffff</textcolor>
                <texturefocus>pstvButtonFocus.png</texturefocus>
                <texturenofocus>button-nofocus.png</texturenofocus>
                <onup>1001</onup>
                <ondown>1003</ondown>
            </control>
            <control type="button" id="1003">
                <posx>44</posx>
                <posy>400</posy>
                <width>151</width>
                <height>40</height>
                <label></label>
                <align>center</align>
                <aligny>center</aligny>
                <font>font12</font>
                <textcolor>ffffffff</textcolor>
                <texturefocus>pstvButtonFocus.png</texturefocus>
                <texturenofocus>button-nofocus.png</texturenofocus>
                <onup>1002</onup>
                <ondown>1004</ondown>
            </control>
            <control type="button" id="1004">
                <posx>44</posx>
                <posy>440</posy>
                <width>151</width>
                <height>40</height>
                <label></label>
                <align>center</align>
                <aligny>center</aligny>
                <font>font12</font>
                <textcolor>ffffffff</textcolor>
                <texturefocus>pstvButtonFocus.png</texturefocus>
                <texturenofocus>button-nofocus.png</texturenofocus>
                <onup>1003</onup>
                <ondown>1005</ondown>
            </control>
            <control type="button" id="1005">
                <posx>44</posx>
                <posy>480</posy>
                <width>151</width>
                <height>40</height>
                <label></label>
                <align>center</align>
                <aligny>center</aligny>
                <font>font12</font>
                <textcolor>ffffffff</textcolor>
                <texturefocus>pstvButtonFocus.png</texturefocus>
                <texturenofocus>button-nofocus.png</texturenofocus>
                <onup>1004</onup>
                <ondown>1006</ondown>
            </control>
            <control type="button" id="1006">
                <posx>44</posx>
                <posy>520</posy>
                <width>151</width>
                <height>40</height>
                <label></label>
                <align>center</align>
                <aligny>center</aligny>
                <font>font12</font>
                <textcolor>ffffffff</textcolor>
                <texturefocus>pstvButtonFocus.png</texturefocus>
                <texturenofocus>button-nofocus.png</texturenofocus>
                <onup>1005</onup>
                <ondown>1007</ondown>
            </control>
            <control type="button" id="1007">
                <posx>44</posx>
                <posy>560</posy>
                <width>151</width>
                <height>40</height>
                <label></label>
                <align>center</align>
                <aligny>center</aligny>
                <font>font12</font>
                <textcolor>ffffffff</textcolor>
                <texturefocus>pstvButtonFocus.png</texturefocus>
                <texturenofocus>button-nofocus.png</texturenofocus>
                <onup>1006</onup>
                <ondown>1008</ondown>
            </control>
            <control type="button" id="1008">
                <posx>44</posx>
                <posy>600</posy>
                <width>151</width>
                <height>40</height>
                <label></label>
                <align>center</align>
                <aligny>center</aligny>
                <font>font12</font>
                <textcolor>ffffffff</textcolor>
                <texturefocus>pstvButtonFocus.png</texturefocus>
                <texturenofocus>button-nofocus.png</texturenofocus>
                <onup>1007</onup>
                <ondown>1009</ondown>
            </control>
            <control type="button" id="1009">
                <posx>44</posx>
                <posy>640</posy>
                <width>151</width>
                <height>40</height>
                <label></label>
                <align>center</align>
                <aligny>center</aligny>
                <font>font12</font>
                <textcolor>ffffffff</textcolor>
                <texturefocus>pstvButtonFocus.png</texturefocus>
                <texturenofocus>button-nofocus.png</texturenofocus>
                <onup>1008</onup>
                <ondown>1010</ondown>
            </control>
            <control type="button" id="1010">
                <posx>44</posx>
                <posy>680</posy>
                <width>151</width>
                <height>40</height>
                <label></label>
                <align>center</align>
                <aligny>center</aligny>
                <font>font12</font>
                <textcolor>ffffffff</textcolor>
                <texturefocus>pstvButtonFocus.png</texturefocus>
                <texturenofocus>button-nofocus.png</texturenofocus>
                <onup>1009</onup>
                <ondown>997</ondown>
            </control>
        </control>
    </controls>
</window>
