<?xml version="1.0" encoding="UTF-8"?>
<window>
    <allowoverlay>no</allowoverlay>
    <zorder>1</zorder>
    <defaultcontrol>104</defaultcontrol>
    <coordinates>
		<system>1</system>
		<left>122</left>
		<top>254</top>
	</coordinates>
	<include>dialogeffect</include>
    <controls>
        <control type="image">
			<description>background image</description>
			<width>1674</width>
			<height>600</height>
			<texture border="40">dialogs/default/bg.png</texture>
		</control>
        <control type="label">
            <description>header label</description>
			<left>30</left>
			<top>32</top>
			<width>1614</width>
			<height>40</height>
			<textoffsetx>15</textoffsetx>
			<align>center</align>
			<aligny>center</aligny>
			<textcolor>dialogheader</textcolor>
			<font>font15_title</font>
            <label>$LOCALIZE[10038] $LOCALIZE[19029] $LOCALIZE[5]</label>
        </control>
        <!-- left group -->
		<control type="group">
			<left>31</left>
			<top>88</top>
			<control type="image">
				<left>-1</left>
				<top>-2</top>
				<width>312</width>
				<height>482</height>
				<texture border="5">dialogs/default/inner.png</texture>
			</control>
            <control type="label">
                <left>0</left>
                <top>0</top>
                <width>310</width>
                <height>80</height>
                <font>font14_title</font>
                <align>center</align>
                <aligny>center</aligny>
                <label>$INFO[System.AddonTitle(script.pseudotv)]</label>
            </control>
			<control type="image">
				<left>1</left>
				<top>0</top>
				<width>310</width>
				<height>482</height>
                <aspectratio>keep</aspectratio>
				<texture>$INFO[System.AddonIcon(script.pseudotv)]</texture>
			</control>
            <control type="label">
                <left>0</left>
                <top>395</top>
                <width>310</width>
                <height>80</height>
                <font>font14_title</font>
                <align>center</align>
                <aligny>center</aligny>
                <label>VER. $INFO[System.AddonVersion(script.pseudotv)]</label>
            </control>
		</control>
        <!-- middle group -->
		<control type="group">
			<left>357</left>
			<top>88</top>
			<control type="image">
				<left>-1</left>
				<top>-2</top>
				<width>962</width>
				<height>482</height>
				<texture border="5">dialogs/default/inner.png</texture>
			</control>        
            <control type="group" id="105">
                <left>0</left>
                <top>0</top>
                <width>962</width>
                <height>480</height>
                <control type="group" id="104">
                    <control type="button" id="120">
                        <description>Rule Entry 1</description>
                        <left>0</left>
                        <top>0</top>
                        <ondown>121</ondown>
                        <onright>9001</onright>
                        <width>960</width>
                        <height>60</height>
                        <align>center</align>
                        <visible allowhiddenfocus="true">Control.HasFocus(120) | ![StringCompare(Window.Property(itempress),120) | StringCompare(Window.Property(itempress),121) | StringCompare(Window.Property(itempress),122) | StringCompare(Window.Property(itempress),123) | StringCompare(Window.Property(itempress),124) | StringCompare(Window.Property(itempress),125) | StringCompare(Window.Property(itempress),126)]</visible>
                        <onclick>SetProperty(itempress,120)</onclick>
                        <onclick>SetFocus(130)</onclick>
                    </control>
                    <control type="button" id="121">
                        <description>Rule Entry 2</description>
                        <left>0</left>
                        <top>60</top>
                        <align>center</align>
                        <onup>120</onup>
                        <ondown>122</ondown>
                        <onright>9001</onright>
                        <width>960</width>
                        <height>60</height>                        
                        <visible>![StringCompare(Window.Property(itempress),120) | StringCompare(Window.Property(itempress),121) | StringCompare(Window.Property(itempress),122) | StringCompare(Window.Property(itempress),123) | StringCompare(Window.Property(itempress),124) | StringCompare(Window.Property(itempress),125) | StringCompare(Window.Property(itempress),126)]</visible>
                        <onclick>SetProperty(itempress,121)</onclick>
                        <onclick>SetFocus(130)</onclick>
                    </control>
                    <control type="button" id="122">
                        <description>Rule Entry 3</description>
                        <left>0</left>
                        <top>120</top>
                        <align>center</align>
                        <onup>120</onup>
                        <ondown>123</ondown>
                        <onright>9001</onright>
                        <width>960</width>
                        <height>60</height>                        
                        <visible>![StringCompare(Window.Property(itempress),120) | StringCompare(Window.Property(itempress),121) | StringCompare(Window.Property(itempress),122) | StringCompare(Window.Property(itempress),123) | StringCompare(Window.Property(itempress),124) | StringCompare(Window.Property(itempress),125) | StringCompare(Window.Property(itempress),126)]</visible>
                        <onclick>SetProperty(itempress,122)</onclick>
                        <onclick>SetFocus(130)</onclick>
                    </control>
                    <control type="button" id="123">
                        <description>Rule Entry 4</description>
                        <left>0</left>
                        <top>180</top>
                        <align>center</align>
                        <onup>122</onup>
                        <ondown>124</ondown>
                        <onright>9001</onright>
                        <width>960</width>
                        <height>60</height>                        
                        <visible>![StringCompare(Window.Property(itempress),120) | StringCompare(Window.Property(itempress),121) | StringCompare(Window.Property(itempress),122) | StringCompare(Window.Property(itempress),123) | StringCompare(Window.Property(itempress),124) | StringCompare(Window.Property(itempress),125) | StringCompare(Window.Property(itempress),126)]</visible>
                        <onclick>SetProperty(itempress,123)</onclick>
                        <onclick>SetFocus(130)</onclick>
                    </control>
                    <control type="button" id="124">
                        <description>Rule Entry 5</description>
                        <left>0</left>
                        <top>240</top>
                        <align>center</align>
                        <onup>123</onup>
                        <ondown>125</ondown>
                        <onright>9001</onright>
                        <width>960</width>
                        <height>60</height>                        
                        <visible>![StringCompare(Window.Property(itempress),120) | StringCompare(Window.Property(itempress),121) | StringCompare(Window.Property(itempress),122) | StringCompare(Window.Property(itempress),123) | StringCompare(Window.Property(itempress),124) | StringCompare(Window.Property(itempress),125) | StringCompare(Window.Property(itempress),126)]</visible>
                        <onclick>SetProperty(itempress,124)</onclick>
                        <onclick>SetFocus(130)</onclick>
                    </control>
                    <control type="button" id="125">
                        <description>Rule Entry 6</description>
                        <left>0</left>
                        <top>300</top>
                        <align>center</align>
                        <onup>124</onup>
                        <ondown>126</ondown>
                        <onright>9001</onright>
                        <width>960</width>
                        <height>60</height>                        
                        <visible>![StringCompare(Window.Property(itempress),120) | StringCompare(Window.Property(itempress),121) | StringCompare(Window.Property(itempress),122) | StringCompare(Window.Property(itempress),123) | StringCompare(Window.Property(itempress),124) | StringCompare(Window.Property(itempress),125) | StringCompare(Window.Property(itempress),126)]</visible>
                        <onclick>SetProperty(itempress,125)</onclick>
                        <onclick>SetFocus(130)</onclick>
                    </control>
                    <control type="button" id="126">
                        <description>Rule Entry 7</description>
                        <left>0</left>
                        <top>360</top>
                        <align>center</align>
                        <onup>125</onup>
                        <onright>9001</onright>
                        <width>960</width>
                        <height>60</height>                        
                        <visible>![StringCompare(Window.Property(itempress),120) | StringCompare(Window.Property(itempress),121) | StringCompare(Window.Property(itempress),122) | StringCompare(Window.Property(itempress),123) | StringCompare(Window.Property(itempress),124) | StringCompare(Window.Property(itempress),125) | StringCompare(Window.Property(itempress),126)]</visible>
                        <onclick>SetProperty(itempress,126)</onclick>
                        <onclick>SetFocus(130)</onclick>
                    </control>
                    <control type="button" id="130">
                        <description>Rule for editing</description>
                        <left>0</left>
                        <top>0</top>
                        <ondown>102</ondown>
                        <onright>9001</onright>
                        <width>960</width>
                        <height>60</height>
                        <align>center</align>
                        <onclick>SetProperty(itempress,100)</onclick>
                        <onclick>SetFocus(120)</onclick>
                        <visible allowhiddenfocus="true">Control.HasFocus(130) | StringCompare(Window.Property(itempress),120) | StringCompare(Window.Property(itempress),121) | StringCompare(Window.Property(itempress),122) | StringCompare(Window.Property(itempress),123) | StringCompare(Window.Property(itempress),124) | StringCompare(Window.Property(itempress),125) | StringCompare(Window.Property(itempress),126)</visible>
                        <animation condition="StringCompare(Window.Property(itempress),121)" reversible="false">
                            <effect type="slide" start="0,52" time="500" />
                        </animation>
                        <animation condition="StringCompare(Window.Property(itempress),122)" reversible="false">
                            <effect type="slide" start="0,105" time="500" />
                        </animation>
                        <animation condition="StringCompare(Window.Property(itempress),123)" reversible="false">
                            <effect type="slide" start="0,158" time="500" />
                        </animation>
                        <animation condition="StringCompare(Window.Property(itempress),124)" reversible="false">
                            <effect type="slide" start="0,210" time="500" />
                        </animation>
                        <animation condition="StringCompare(Window.Property(itempress),125)" reversible="false">
                            <effect type="slide" start="0,262" time="500" />
                        </animation>
                        <animation condition="StringCompare(Window.Property(itempress),126)" reversible="false">
                            <effect type="slide" start="0,315" time="500" />
                        </animation>
                    </control>
                    <control type="group" id="102">
                        <description>Controls for editing</description>
                        <left>0</left>
                        <top>60</top>
                        <width>960</width>
                        <height>480</height>
                        <visible>StringCompare(Window.Property(itempress),120) | StringCompare(Window.Property(itempress),121) | StringCompare(Window.Property(itempress),122) | StringCompare(Window.Property(itempress),123) | StringCompare(Window.Property(itempress),124) | StringCompare(Window.Property(itempress),125) | StringCompare(Window.Property(itempress),126)</visible>
                        <animation condition="StringCompare(Window.Property(itempress),120)" reversible="false">
                            <effect type="slide" start="0,45" time="500" />
                            <effect type="zoom" start="100,0" time="500" />
                        </animation>
                        <animation condition="StringCompare(Window.Property(itempress),121)" reversible="false">
                            <effect type="slide" start="0,98" time="500" />
                            <effect type="zoom" start="100,0" time="500" />
                        </animation>
                        <animation condition="StringCompare(Window.Property(itempress),122)" reversible="false">
                            <effect type="slide" start="0,150" time="500" />
                            <effect type="zoom" start="100,0" time="500" />
                        </animation>
                        <animation condition="StringCompare(Window.Property(itempress),123)" reversible="false">
                            <effect type="slide" start="0,202" time="500" />
                            <effect type="zoom" start="100,0" time="500" />
                        </animation>
                        <animation condition="StringCompare(Window.Property(itempress),124)" reversible="false">
                            <effect type="slide" start="0,255" time="500" />
                            <effect type="zoom" start="100,0" time="500" />
                        </animation>
                        <animation condition="StringCompare(Window.Property(itempress),125)" reversible="false">
                            <effect type="slide" start="0,308" time="500" />
                            <effect type="zoom" start="100,0" time="500" />
                        </animation>
                        <animation condition="StringCompare(Window.Property(itempress),126)" reversible="false">
                            <effect type="slide" start="0,360" time="500" />
                            <effect type="zoom" start="100,0" time="500" />
                        </animation>
                        <control type="image">
                            <description>Border for editing controls</description>
                            <left>0</left>
                            <top>15</top>
                            <width>946</width>
                            <height>390</height>
                            <texture border="5">dialogs/default/inner.png</texture>
                        </control>
                        <control type="button" id="131">
                            <left>0</left>
                            <top>18</top>
                            <width>946</width>
                            <height>60</height>
                            <align>center</align>
                            <onup>130</onup>
                            <ondown>160</ondown>
                        </control>
                        <control type="label" id="150">
                            <left>0</left>
                            <top>95</top>
                            <width>473</width>
                            <height>60</height>
                            <font>font14_title</font>
                            <textcolor>labelheader</textcolor>
                            <align>center</align>
                        </control>
                        <control type="label" id="151">
                            <left>473</left>
                            <top>95</top>
                            <width>473</width>
                            <height>60</height>
                            <font>font14_title</font>
                            <textcolor>labelheader</textcolor>
                            <align>center</align>
                        </control>
                        <control type="label" id="152">
                            <left>0</left>
                            <top>230</top>
                            <width>473</width>
                            <height>60</height>
                            <font>font14_title</font>
                            <textcolor>labelheader</textcolor>
                            <align>center</align>
                        </control>
                        <control type="label" id="153">
                            <left>473</left>
                            <top>230</top>
                            <width>473</width>
                            <height>60</height>
                            <font>font14_title</font>
                            <textcolor>labelheader</textcolor>
                            <align>center</align>
                        </control>
                        <control type="button" id="160">
                            <left>0</left>
                            <top>150</top>
                            <width>473</width>
                            <height>60</height>
                            <align>center</align>
                            <onup>131</onup>
                            <ondown>162</ondown>
                            <onright>161</onright>
                        </control>
                        <control type="button" id="161">
                            <left>473</left>
                            <top>150</top>
                            <width>473</width>
                            <height>60</height>
                            <align>center</align>
                            <onup>131</onup>
                            <ondown>163</ondown>
                            <onleft>160</onleft>
                            <onright>162</onright>
                        </control>
                        <control type="button" id="162">
                            <left>0</left>
                            <top>285</top>
                            <width>473</width>
                            <height>60</height>
                            <align>center</align>
                            <onup>160</onup>
                            <onright>163</onright>
                            <onleft>161</onleft>
                        </control>
                        <control type="button" id="163">
                            <left>473</left>
                            <top>285</top>
                            <width>473</width>
                            <height>60</height>
                            <align>center</align>
                            <onup>161</onup>
                            <onleft>162</onleft>
                        </control>
                        <control type="image" id="170">
                            <description>Down arrow when there are more controls for a rule</description>
                            <left>0</left>
                            <top>360</top>
                            <width>946 </width>
                            <height>30</height>
                            <aspectratio>keep</aspectratio>
                            <texture>scroll-left.png</texture>
                            <animation effect="rotate" end="90" center="auto" condition="true">Conditional</animation>
                            <colordiffuse>labelheader</colordiffuse>
                        </control>
                        <control type="image" id="171">
                            <description>Up arrow when there are more controls for a rule</description>
                            <left>0</left>
                            <top>360</top>
                            <width>946 </width>
                            <height>30</height>
                            <aspectratio>keep</aspectratio>
                            <texture>scroll-left.png</texture>
                            <animation effect="rotate" end="-90" center="auto" condition="true">Conditional</animation>
                            <colordiffuse>labelheader</colordiffuse>
                        </control>
                    </control>
                </control>
            </control>
        </control>
        <!-- right group -->
		<control type="group">
			<left>1333</left>
			<top>88</top>
			<control type="image">
				<left>-1</left>
				<top>-2</top>
				<width>312</width>
				<height>482</height>
				<texture border="5">dialogs/default/inner.png</texture>
			</control>
			<control type="grouplist" id="9001">
				<top>0</top>
				<left>0</left>
				<width>310</width>
				<height>480</height>
				<onleft>105</onleft>
				<onright>105</onright>
				<onup>9001</onup>
				<ondown>9001</ondown>
                <visible>!Control.IsVisible(106)</visible>   
                <control type="button" id="10">
                    <description>OK Button</description>
                    <width>310</width>
                    <label>186</label>
                    <onclick>PreviousMenu</onclick>                    
                </control>
                <control type="button" id="11">
                    <description>Cancel Button</description>
                    <width>310</width>
                    <label>222</label>
                    <onclick>Back</onclick>
                </control>
			</control>
		</control>
    </controls>
</window>