<?xml version="1.0" encoding="UTF-8"?>
<window>
    <allowoverlay>no</allowoverlay>
    <zorder>1</zorder>
    <coordinates>
        <system>1</system>
        <left>240</left>
		<top>88</top>
    </coordinates>
	<include>transition_Dialog</include>
    <controls>
		<control type="group">
			<control type="image">
				<description>Background</description>
				<width>800</width>
				<height>545</height>
				<include>dialog_Window</include>
			</control>
			
			<control type="label">
				<description>heading label</description>
				<width>792</width>
				<include>dialog_Windowtitle</include>
				<label>$INFO[System.AddonTitle(script.pseudotv),, - ]$LOCALIZE[19029] $LOCALIZE[10507]</label>
			</control>
			
			<control type="group">
				<left>4</left>
				<top>60</top>
                <control type="image">
                    <width>792</width>
                    <include>dialog_Separator</include>
                </control>
                <control type="image">
                    <top>400</top>
                    <width>792</width>
                    <include>dialog_Separator</include>
                    <visible>Control.IsVisible(106)</visible>
                </control>
			
                <control type="group">
                    <left>19</left>
                    <top>420</top>
                    <control type="button" id="901">
                        <description>Exit Button</description>
                        <left>630</left>
                        <onup>102</onup>
                        <ondown>102</ondown>
                        <onleft>102</onleft>
                        <onright>102</onright>
                        <include>dialog_WindowButton</include>
                        <onclick>PreviousMenu</onclick>
                        <label>13012</label>
                        <visible>!Control.IsVisible(106)</visible>
                    </control>
                    <control type="button" id="114">
                        <description>Rules Button</description>
                        <left>4</left>
                        <onup>111</onup>
                        <onleft>113</onleft>
                        <onright>112</onright>
                        <ondown>111</ondown>
                        <include>dialog_WindowButton</include>
                        <label>Rules</label>
                        <visible>Control.IsVisible(106)</visible>
                    </control>
                    <control type="button" id="112">
                        <description>OK Button</description>
                        <left>497</left>
                        <onup>110</onup>
                        <onleft>114</onleft>
                        <onright>113</onright>
                        <ondown>110</ondown>
                        <include>dialog_WindowButton</include>
                        <label>186</label>
                        <visible>Control.IsVisible(106)</visible>
                    </control>
                    <control type="button" id="113">
                        <description>Cancel Button</description>
                        <left>630</left>
                        <onup>111</onup>
                        <onleft>112</onleft>
                        <onright>114</onright>
                        <ondown>111</ondown>
                        <include>dialog_WindowButton</include>
                        <label>222</label>
                        <visible>Control.IsVisible(106)</visible>
                    </control>
                </control>
            </control>
        </control>
		
		<control type="group" id="105">
			<left>4</left>
			<top>102</top>
			<defaultcontrol>102</defaultcontrol>
			<control type="image">
				<width>792</width>
				<include>dialog_Separator</include>
			</control>
            
			<control type="label">
                <left>15</left>
                <top>-40</top>
                <width>160</width>
                <height>42</height>
                <label>$LOCALIZE[19029]</label>
				<include>dialog_Header</include>
                <textcolor>Color4</textcolor>
            </control>
            <control type="label">
                <right>498</right>
                <top>-40</top>
                <width>160</width>
                <height>42</height>
                <label>$LOCALIZE[33029]</label>
				<include>dialog_Header</include>
                <textcolor>Color4</textcolor>
                <align>right</align>
            </control>
			<control type="list" id="102">
                <description>All channels list</description>
				<width>792</width>
				<height>360</height>
                <onup>102</onup>
                <ondown>102</ondown>
                <onright>901</onright>
                <onleft>901</onleft>
				<itemlayout height="40">
					<control type="image">
						<width>792</width>
						<height>40</height>
						<texture border="3">dialogs/list-nofocus.png</texture>
					</control>
					<control type="label">
						<width>100</width>
						<height>38</height>
						<textcolor>Color4</textcolor>
						<font>regular</font>
						<textoffsetx>15</textoffsetx>
						<aligny>center</aligny>
						<info>ListItem.Label</info>
					</control>
					<control type="label">
						<left>792</left>
                        <width>620</width>
                        <height>38</height>
						<textcolor>Color4</textcolor>
						<font>regular</font>
                        <textoffsetx>15</textoffsetx>
                        <aligny>center</aligny>
                        <align>right</align>
                        <info>ListItem.Label2</info>
                    </control>
				</itemlayout>
				<focusedlayout height="40">
					<control type="image">
						<width>792</width>
						<height>40</height>
						<texture border="3">dialogs/list-focus.png</texture>
					</control>
					<control type="label">
						<width>100</width>
						<height>38</height>
						<textcolor>Color1</textcolor>
						<font>regular</font>
						<textoffsetx>15</textoffsetx>
						<aligny>center</aligny>
						<info>ListItem.Label</info>
					</control>
					<control type="label">
						<left>792</left>
                        <width>620</width>
                        <height>38</height>
						<textcolor>Color1</textcolor>
						<font>regular</font>
                        <textoffsetx>15</textoffsetx>
						<aligny>center</aligny>
                        <align>right</align>
                        <info>ListItem.Label2</info>
                    </control>
				</focusedlayout>
            </control>
		</control>
		
		<!-- Controls for configuring a single channel -->
        <control type="group" id="106">
            <left>4</left>
			<top>102</top>
			<width>792</width>
            <control type="label" id="104">
                <left>15</left>
                <top>-40</top>
                <width>160</width>
                <height>42</height>
                <include>dialog_Header</include>
                <textcolor>Color4</textcolor>
            </control>
            <control type="image">
				<width>792</width>
				<include>dialog_Separator</include>
			</control>
			<control type="image">
				<width>792</width>
				<height>42</height>
				<texture border="3">dialogs/list-nofocus.png</texture>
                <visible>![Control.HasFocus(110) | Control.HasFocus(111)]</visible>
			</control>
            <control type="image">
				<width>792</width>
				<height>42</height>
				<texture border="3">dialogs/list-focus.png</texture>
                <visible>Control.HasFocus(110) | Control.HasFocus(111)</visible>
			</control>

            <control type="label">
                <left>15</left>
                <width>200</width>
                <height>40</height>
                <textcolor>Color4</textcolor>
				<font>regular</font>
                <aligny>center</aligny>
                <align>left</align>
                <label>$LOCALIZE[19029] $LOCALIZE[35501]:</label>
                <visible>![Control.HasFocus(110) | Control.HasFocus(111)]</visible>
            </control>
            <control type="label">
                <left>15</left>
                <width>200</width>
                <height>40</height>
                <textcolor>Color1</textcolor>
				<font>regular</font>
                <aligny>center</aligny>
                <align>left</align>
                <label>$LOCALIZE[19029] $LOCALIZE[35501]:</label>
                <visible>Control.HasFocus(110) | Control.HasFocus(111)</visible>
            </control>

            <control type="label" id="109">
                <right>86</right>
                <width>270</width>
                <height>40</height>
                <textcolor>Selected</textcolor>
				<font>regular</font>
                <aligny>center</aligny>
                <align>right</align>
            </control>

            <control type="button" id="110">
                <left>68r</left>
                <top>7</top>
                <width>28</width>
                <height>28</height>
				<texturefocus>dialogs/spin/down-fo.png</texturefocus>
                <texturenofocus>dialogs/spin/down-nf.png</texturenofocus>
                <onup>112</onup>
				<onleft>111</onleft>
                <onright>111</onright>
            </control>
            <control type="button" id="111">
                <left>40r</left>
                <top>7</top>
                <width>28</width>
                <height>28</height>
                <texturefocus>dialogs/spin/up-fo.png</texturefocus>
                <texturenofocus>dialogs/spin/up-nf.png</texturenofocus>
                <onup>112</onup>
				<onleft>110</onleft>
                <onright>110</onright>
                <ondown>112</ondown>
            </control>
        </control>

        <!-- Controls for type Custom Playlist -->
        <control type="group" id="120">
            <left>4</left>
            <top>144</top>
            <width>792</width>
            
			<control type="image">
				<width>792</width>
				<height>42</height>
				<texture border="3">dialogs/list-nofocus.png</texture>
                <visible>!Control.HasFocus(130)</visible>
			</control>
            <control type="image">
				<width>792</width>
				<height>42</height>
				<texture border="3">dialogs/list-focus.png</texture>
                <visible>Control.HasFocus(130)</visible>
			</control>
			
            <control type="label">
                <left>15</left>
                <width>200</width>
                <height>40</height>
                <textcolor>Color4</textcolor>
				<font>regular</font>
                <aligny>center</aligny>
                <align>left</align>
				<label>$LOCALIZE[559]:</label>
                <visible>!Control.HasFocus(130)</visible>
            </control>
            <control type="label">
                <left>15</left>
                <width>200</width>
                <height>40</height>
                <textcolor>Color1</textcolor>
				<font>regular</font>
                <aligny>center</aligny>
                <align>left</align>
				<label>$LOCALIZE[559]:</label>
                <visible>Control.HasFocus(130)</visible>
            </control>

            <control type="button" id="130">
                <left>70</left>
                <width>722</width>
                <height>42</height>
                <textcolor>Color4</textcolor>
                <focusedcolor>Color1</focusedcolor>
				<font>regular</font>
                <textoffsetx>15</textoffsetx>
                <aligny>center</aligny>
                <align>left</align>
                <onup>110</onup>
				<ondown>112</ondown>
            </control>
        </control>

        <!-- Controls for type TV Network -->
        <control type="group" id="121">
            <left>4</left>
            <top>144</top>
            <width>792</width>
            
			<control type="image">
				<width>792</width>
				<height>42</height>
				<texture border="3">dialogs/list-nofocus.png</texture>
                <visible>![Control.HasFocus(140) | Control.HasFocus(141)]</visible>
			</control>
            <control type="image">
				<width>792</width>
				<height>42</height>
				<texture border="3">dialogs/list-focus.png</texture>
                <visible>Control.HasFocus(140) | Control.HasFocus(141)</visible>
			</control>
			
            <control type="label">
                <left>15</left>
                <width>200</width>
                <height>40</height>
                <textcolor>Color4</textcolor>
				<font>regular</font>
                <aligny>center</aligny>
                <align>left</align>
				<label>$LOCALIZE[705]:</label>
                <visible>![Control.HasFocus(140) | Control.HasFocus(141)]</visible>
            </control>
            <control type="label">
                <left>15</left>
                <width>200</width>
                <height>40</height>
                <textcolor>Color1</textcolor>
				<font>regular</font>
                <aligny>center</aligny>
                <align>left</align>
				<label>$LOCALIZE[705]:</label>
                <visible>Control.HasFocus(140) | Control.HasFocus(141)</visible>
            </control>

            <control type="label" id="142">
                <right>86</right>
                <width>270</width>
                <height>40</height>
                <textcolor>Selected</textcolor>
				<font>regular</font>
                <aligny>center</aligny>
                <align>right</align>
            </control>

            <control type="button" id="140">
                <left>68r</left>
                <top>7</top>
                <width>28</width>
                <height>28</height>
				<texturefocus>dialogs/spin/down-fo.png</texturefocus>
                <texturenofocus>dialogs/spin/down-nf.png</texturenofocus>
				<onup>110</onup>
				<ondown>112</ondown>
                <onleft>141</onleft>
                <onright>141</onright>
            </control>
            <control type="button" id="141">
                <left>40r</left>
                <top>7</top>
                <width>28</width>
                <height>28</height>
                <texturefocus>dialogs/spin/up-fo.png</texturefocus>
                <texturenofocus>dialogs/spin/up-nf.png</texturenofocus>
				<onup>110</onup>
				<ondown>112</ondown>
                <onleft>140</onleft>
                <onright>140</onright>
            </control>
        </control>

        <!-- Controls for type Movie Studio -->
        <control type="group" id="122">
            <left>4</left>
            <top>144</top>
            <width>792</width>
            
			<control type="image">
				<width>792</width>
				<height>42</height>
				<texture border="3">dialogs/list-nofocus.png</texture>
                <visible>![Control.HasFocus(150) | Control.HasFocus(151)]</visible>
			</control>
            <control type="image">
				<width>792</width>
				<height>42</height>
				<texture border="3">dialogs/list-focus.png</texture>
                <visible>Control.HasFocus(150) | Control.HasFocus(151)</visible>
			</control>
			
            <control type="label">
                <left>15</left>
                <width>200</width>
                <height>40</height>
                <textcolor>Color4</textcolor>
				<font>regular</font>
                <aligny>center</aligny>
                <align>left</align>
				<label>$LOCALIZE[572]:</label>
                <visible>![Control.HasFocus(150) | Control.HasFocus(151)]</visible>
            </control>
            <control type="label">
                <left>15</left>
                <width>200</width>
                <height>40</height>
                <textcolor>Color1</textcolor>
				<font>regular</font>
                <aligny>center</aligny>
                <align>left</align>
				<label>$LOCALIZE[572]:</label>
                <visible>Control.HasFocus(150) | Control.HasFocus(151)</visible>
            </control>

            <control type="label" id="152">
                <right>86</right>
                <width>270</width>
                <height>40</height>
                <textcolor>Selected</textcolor>
				<font>regular</font>
                <aligny>center</aligny>
                <align>right</align>
            </control>

            <control type="button" id="150">
                <left>68r</left>
                <top>7</top>
                <width>28</width>
                <height>28</height>
				<texturefocus>dialogs/spin/down-fo.png</texturefocus>
                <texturenofocus>dialogs/spin/down-nf.png</texturenofocus>
				<onup>110</onup>
				<ondown>112</ondown>
                <onleft>151</onleft>
                <onright>151</onright>
            </control>
            <control type="button" id="151">
                <left>40r</left>
                <top>7</top>
                <width>28</width>
                <height>28</height>
                <texturefocus>dialogs/spin/up-fo.png</texturefocus>
                <texturenofocus>dialogs/spin/up-nf.png</texturenofocus>
				<onup>110</onup>
				<ondown>112</ondown>
                <onleft>150</onleft>
                <onright>150</onright>
            </control>

        </control>

        <!-- Controls for type TV Genre -->
        <control type="group" id="123">
            <left>4</left>
            <top>144</top>
            <width>792</width>
            
			<control type="image">
				<width>792</width>
				<height>42</height>
				<texture border="3">dialogs/list-nofocus.png</texture>
                <visible>![Control.HasFocus(160) | Control.HasFocus(161)]</visible>
			</control>
            <control type="image">
				<width>792</width>
				<height>42</height>
				<texture border="3">dialogs/list-focus.png</texture>
                <visible>Control.HasFocus(160) | Control.HasFocus(161)</visible>
			</control>
			
            <control type="label">
                <left>15</left>
                <width>200</width>
                <height>40</height>
                <textcolor>Color4</textcolor>
				<font>regular</font>
                <aligny>center</aligny>
                <align>left</align>
				<label>$LOCALIZE[515]:</label>
                <visible>![Control.HasFocus(160) | Control.HasFocus(161)]</visible>
            </control>
            <control type="label">
                <left>15</left>
                <width>200</width>
                <height>40</height>
                <textcolor>Color1</textcolor>
				<font>regular</font>
                <aligny>center</aligny>
                <align>left</align>
				<label>$LOCALIZE[515]:</label>
                <visible>Control.HasFocus(160) | Control.HasFocus(161)</visible>
            </control>

            <control type="label" id="162">
                <right>86</right>
                <width>270</width>
                <height>40</height>
                <textcolor>Selected</textcolor>
				<font>regular</font>
                <aligny>center</aligny>
                <align>right</align>
            </control>

            <control type="button" id="160">
                <left>68r</left>
                <top>7</top>
                <width>28</width>
                <height>28</height>
				<texturefocus>dialogs/spin/down-fo.png</texturefocus>
                <texturenofocus>dialogs/spin/down-nf.png</texturenofocus>
				<onup>110</onup>
				<ondown>112</ondown>
                <onleft>161</onleft>
                <onright>161</onright>
            </control>
            <control type="button" id="161">
                <left>40r</left>
                <top>7</top>
                <width>28</width>
                <height>28</height>
                <texturefocus>dialogs/spin/up-fo.png</texturefocus>
                <texturenofocus>dialogs/spin/up-nf.png</texturenofocus>
				<onup>110</onup>
				<ondown>112</ondown>
                <onleft>160</onleft>
                <onright>160</onright>
            </control>
        </control>

        <!-- Controls for type Movie Genre -->
        <control type="group" id="124">
            <left>4</left>
            <top>144</top>
            <width>792</width>
            
			<control type="image">
				<width>792</width>
				<height>42</height>
				<texture border="3">dialogs/list-nofocus.png</texture>
                <visible>![Control.HasFocus(170) | Control.HasFocus(171)]</visible>
			</control>
            <control type="image">
				<width>792</width>
				<height>42</height>
				<texture border="3">dialogs/list-focus.png</texture>
                <visible>Control.HasFocus(170) | Control.HasFocus(171)</visible>
			</control>
			
            <control type="label">
                <left>15</left>
                <width>200</width>
                <height>40</height>
                <textcolor>Color4</textcolor>
				<font>regular</font>
                <aligny>center</aligny>
                <align>left</align>
				<label>$LOCALIZE[515]:</label>
                <visible>![Control.HasFocus(170) | Control.HasFocus(171)]</visible>
            </control>
            <control type="label">
                <left>15</left>
                <width>200</width>
                <height>40</height>
                <textcolor>Color1</textcolor>
				<font>regular</font>
                <aligny>center</aligny>
                <align>left</align>
				<label>$LOCALIZE[515]:</label>
                <visible>Control.HasFocus(170) | Control.HasFocus(171)</visible>
            </control>

            <control type="label" id="172">
                <right>86</right>
                <width>270</width>
                <height>40</height>
                <textcolor>Selected</textcolor>
				<font>regular</font>
                <aligny>center</aligny>
                <align>right</align>
            </control>

            <control type="button" id="170">
                <left>68r</left>
                <top>7</top>
                <width>28</width>
                <height>28</height>
				<texturefocus>dialogs/spin/down-fo.png</texturefocus>
                <texturenofocus>dialogs/spin/down-nf.png</texturenofocus>
				<onup>110</onup>
				<ondown>112</ondown>
                <onleft>171</onleft>
                <onright>171</onright>
            </control>
            <control type="button" id="171">
                <left>40r</left>
                <top>7</top>
                <width>28</width>
                <height>28</height>
                <texturefocus>dialogs/spin/up-fo.png</texturefocus>
                <texturenofocus>dialogs/spin/up-nf.png</texturenofocus>
				<onup>110</onup>
				<ondown>112</ondown>
                <onleft>170</onleft>
                <onright>170</onright>
            </control>
        </control>

        <!-- Controls for type Mixed Genre -->
        <control type="group" id="125">
            <left>4</left>
            <top>144</top>
            <width>792</width>
            
			<control type="image">
				<width>792</width>
				<height>42</height>
				<texture border="3">dialogs/list-nofocus.png</texture>
                <visible>![Control.HasFocus(180) | Control.HasFocus(181)]</visible>
			</control>
            <control type="image">
				<width>792</width>
				<height>42</height>
				<texture border="3">dialogs/list-focus.png</texture>
                <visible>Control.HasFocus(180) | Control.HasFocus(181)</visible>
			</control>
			
            <control type="label">
                <left>15</left>
                <width>200</width>
                <height>40</height>
                <textcolor>Color4</textcolor>
				<font>regular</font>
                <aligny>center</aligny>
                <align>left</align>
				<label>$LOCALIZE[515]:</label>
                <visible>![Control.HasFocus(180) | Control.HasFocus(181)]</visible>
            </control>
            <control type="label">
                <left>15</left>
                <width>200</width>
                <height>40</height>
                <textcolor>Color1</textcolor>
				<font>regular</font>
                <aligny>center</aligny>
                <align>left</align>
				<label>$LOCALIZE[515]:</label>
                <visible>Control.HasFocus(180) | Control.HasFocus(181)</visible>
            </control>

            <control type="label" id="182">
                <right>86</right>
                <width>270</width>
                <height>40</height>
                <textcolor>Selected</textcolor>
				<font>regular</font>
                <aligny>center</aligny>
                <align>right</align>
            </control>

            <control type="button" id="180">
                <left>68r</left>
                <top>7</top>
                <width>28</width>
                <height>28</height>
				<texturefocus>dialogs/spin/down-fo.png</texturefocus>
                <texturenofocus>dialogs/spin/down-nf.png</texturenofocus>
				<onup>110</onup>
				<ondown>112</ondown>
                <onleft>181</onleft>
                <onright>181</onright>
            </control>
            <control type="button" id="181">
                <left>40r</left>
                <top>7</top>
                <width>28</width>
                <height>28</height>
                <texturefocus>dialogs/spin/up-fo.png</texturefocus>
                <texturenofocus>dialogs/spin/up-nf.png</texturenofocus>
				<onup>110</onup>
				<ondown>112</ondown>
                <onleft>180</onleft>
                <onright>180</onright>
            </control>
        </control>

        <!-- Controls for type TV Show -->
        <control type="group" id="126">
            <left>4</left>
            <top>144</top>
            <width>792</width>
            
			<control type="image">
				<width>792</width>
				<height>42</height>
				<texture border="3">dialogs/list-nofocus.png</texture>
                <visible>![Control.HasFocus(190) | Control.HasFocus(191)]</visible>
			</control>
            <control type="image">
				<width>792</width>
				<height>42</height>
				<texture border="3">dialogs/list-focus.png</texture>
                <visible>Control.HasFocus(190) | Control.HasFocus(191)</visible>
			</control>
			
            <control type="label">
                <left>15</left>
                <width>200</width>
                <height>40</height>
                <textcolor>Color4</textcolor>
				<font>regular</font>
                <aligny>center</aligny>
                <align>left</align>
				<label>$LOCALIZE[20364]:</label>
                <visible>![Control.HasFocus(190) | Control.HasFocus(191)]</visible>
            </control>
            <control type="label">
                <left>15</left>
                <width>200</width>
                <height>40</height>
                <textcolor>Color1</textcolor>
				<font>regular</font>
                <aligny>center</aligny>
                <align>left</align>
				<label>$LOCALIZE[20364]:</label>
                <visible>Control.HasFocus(190) | Control.HasFocus(191)</visible>
            </control>

            <control type="label" id="192">
                <right>86</right>
                <width>270</width>
                <height>40</height>
                <textcolor>Selected</textcolor>
				<font>regular</font>
                <aligny>center</aligny>
                <align>right</align>
            </control>

            <control type="button" id="190">
                <left>68r</left>
                <top>7</top>
                <width>28</width>
                <height>28</height>
				<texturefocus>dialogs/spin/down-fo.png</texturefocus>
                <texturenofocus>dialogs/spin/down-nf.png</texturenofocus>
				<onup>110</onup>
				<ondown>194</ondown>
                <onleft>191</onleft>
                <onright>191</onright>
            </control>

            <control type="button" id="191">
                <left>40r</left>
                <top>7</top>
                <width>28</width>
                <height>28</height>
                <texturefocus>dialogs/spin/up-fo.png</texturefocus>
                <texturenofocus>dialogs/spin/up-nf.png</texturenofocus>
				<onup>110</onup>
				<ondown>194</ondown>
                <onleft>190</onleft>
                <onright>190</onright>
            </control>

            <control type="radiobutton" id="194">
				<description>Default RadioButton</description>
                <top>42</top>
                <height>42</height>
                <include>dialog_ControlCommons</include>
				<include>dialog_Radio</include>
                
				<onup>190</onup>
				<ondown>112</ondown>
				<label>$LOCALIZE[581] ($LOCALIZE[20359])</label>
			</control>
        </control>
		
		<!-- Controls for type Directory -->
        <control type="group" id="127">
            <left>4</left>
            <top>144</top>
            <width>792</width>
            
			<control type="image">
				<width>792</width>
				<height>42</height>
				<texture border="3">dialogs/list-nofocus.png</texture>
                <visible>!Control.HasFocus(200)</visible>
			</control>
            <control type="image">
				<width>792</width>
				<height>42</height>
				<texture border="3">dialogs/list-focus.png</texture>
                <visible>Control.HasFocus(200)</visible>
			</control>
			
            <control type="label">
                <left>15</left>
                <width>200</width>
                <height>40</height>
                <textcolor>Color4</textcolor>
				<font>regular</font>
                <aligny>center</aligny>
                <align>left</align>
				<label>$LOCALIZE[16015]:</label>
                <visible>!Control.HasFocus(200)</visible>
            </control>
            <control type="label">
                <left>15</left>
                <width>200</width>
                <height>40</height>
                <textcolor>Color1</textcolor>
				<font>regular</font>
                <aligny>center</aligny>
                <align>left</align>
				<label>$LOCALIZE[16015]:</label>
                <visible>Control.HasFocus(200)</visible>
            </control>

            <control type="button" id="200">
                <left>140</left>
                <width>652</width>
                <height>42</height>
                <textcolor>Color4</textcolor>
                <focusedcolor>Color1</focusedcolor>
				<font>regular</font>
                <textoffsetx>15</textoffsetx>
                <aligny>center</aligny>
                <align>right</align>
                <onup>110</onup>
				<ondown>112</ondown>
            </control>

        </control>
    </controls>
</window>
