<?xml version="1.0" encoding="UTF-8"?>
<window>
    <allowoverlay>no</allowoverlay>
    <controls>
        <control type="image" id="103">
			<description>Channel Bug</description>
			<left>1695</left>
			<top>952</top>
			<width>161</width>
			<height>109</height>
			<aspectratio>keep</aspectratio>
			<animation effect="fade" start="50" end="50" condition="True">conditional</animation>
            <visible>Player.HasVideo</visible>
		</control>
        <control type="group">
			<animation effect="slide" start="0,290" end="0,0" time="200">WindowOpen</animation>
			<animation effect="slide" start="0,290" end="0,0" time="200">VisibleChange</animation>
			<top>814</top>
            <visible>!Window.IsActive(videoosd) + control.IsVisible(102)</visible>
			<control type="image">
				<left>0</left>
				<top>4</top>
				<width>1920</width>
				<height>270</height>
				<texture border="1,32,1,1">bottombar.png</texture>
			</control>
			<control type="image" id="506">
                <description>Show Channel Icon</description>
				<top>28</top>
				<width>238</width>
				<height>238</height>
                <aspectratio>keep</aspectratio>
			</control>
			<control type="label"  id="502">
                <description>Label Now Playing</description>
				<left>238</left>
				<top>28</top>
				<width>1682</width>
				<height>40</height>
				<font>font15_title</font>
				<textoffsetx>15</textoffsetx>
				<textcolor>themecolor</textcolor>
				<shadowcolor>shadow</shadowcolor>
			</control>
			<control type="progress">
				<left>1520</left>
				<top>28</top>
				<width>400</width>
				<height>38</height>
				<texturebg border="2">osd/texturebg.png</texturebg>
				<lefttexture>-</lefttexture>
				<midtexture border="2">osd/midtexture_cache.png</midtexture>
				<righttexture>-</righttexture>
				<overlaytexture>-</overlaytexture>
				<info>Player.ProgressCache</info>
			</control>
			<control type="progress">
				<left>1520</left>
				<top>29</top>
				<width>400</width>
				<height>35</height>
				<texturebg border="1">osd/texturebg_cache.png</texturebg>
				<lefttexture>-</lefttexture>
				<midtexture border="2">osd/midtexture.png</midtexture>
				<righttexture>-</righttexture>
				<overlaytexture>-</overlaytexture>
				<info>Player.Progress</info>
				<colordiffuse>AAffffff</colordiffuse>
			</control>
			<control type="label" id="503">
                <description>Label Show Title</description>
				<left>238</left>
				<top>72</top>
				<width>1682</width>
				<height>40</height>
				<font>font14_title</font>
				<textoffsetx>15</textoffsetx>
				<textcolor>grey2</textcolor>
				<shadowcolor>shadow</shadowcolor>
			</control>
			<control type="label" id="504">
                <description>Label Episode Title</description>
				<left>238</left>
				<top>72</top>
				<width>1682</width>
				<height>40</height>
				<align>right</align>
				<font>font14_title</font>
				<textoffsetx>15</textoffsetx>
				<textcolor>grey2</textcolor>
				<shadowcolor>shadow</shadowcolor>
			</control>
			<control type="label">
				<left>1520</left>
				<top>28</top>
				<width>300</width>
				<height>35</height>
				<font>font14_title</font>
				<textoffsetx>10</textoffsetx>
				<textcolor>grey2</textcolor>
				<shadowcolor>shadow</shadowcolor>
				<label>$INFO[VideoPlayer.Time]</label>
			</control>
			<control type="label">
				<left>0</left>
				<top>28</top>
				<width>1920</width>
				<height>35</height>
				<align>right</align>
				<font>font14_title</font>
				<textoffsetx>10</textoffsetx>
				<textcolor>grey2</textcolor>
				<shadowcolor>shadow</shadowcolor>
				<label>$INFO[VideoPlayer.Duration]</label>
			</control>
			<control type="textbox">
				<info>Control.GetLabel(505)</info>
				<left>253</left>
				<top>112</top>
				<width>1652</width>
				<height>100</height>
				<font>font14_textbox</font>
				<include>ShowCaseInfoPanelButtonsValues</include>
				<autoscroll time="3000" delay="4000" repeat="5000">true</autoscroll>
			</control>
			<control type="label">
				<left>238</left>
				<top>220</top>
				<width>1682</width>
				<height>40</height>
				<font>font12</font>
				<textoffsetx>15</textoffsetx>
				<textcolor>grey3</textcolor>
				<shadowcolor>shadow</shadowcolor>
				<label>$INFO[System.Time,, | ]$INFO[System.Date]</label>
			</control>
			<control type="label">
				<left>0</left>
				<top>220</top>
				<width>1920</width>
				<height>40</height>
				<align>right</align>
				<font>font12</font>
				<textoffsetx>15</textoffsetx>
				<textcolor>grey3</textcolor>
				<shadowcolor>shadow</shadowcolor>
				<label>$INFO[VideoPlayer.VideoResolution,, | ]$INFO[VideoPlayer.VideoCodec,, | ]$INFO[VideoPlayer.AudioCodec,, | ]$VAR[AudioChannelVar,, | ]$INFO[VideoPlayer.VideoAspect]</label>
			</control>
		</control>
        <control type="group" id="102">
            <control type="group">
                <visible>false</visible>
                <control type="image" id="101">
                    <description>Background Channel Change</description>
                    <left>-10</left>
                    <top>-10</top>
                    <width>0</width>
                    <height>0</height>
                </control>
                <control type="label" id="505">
                    <description>Label Show Description</description>
                    <left>-10</left>
                    <top>-10</top>
                    <width>0</width>
                    <height>0</height>
                </control>
            </control>
		</control> 
    </controls>
</window>
