<window>
    <allowoverlay>no</allowoverlay>    
    <coordinates>
        <system>1</system>
        <posx>0</posx>
        <posy>0</posy>
    </coordinates>
    <animation effect="fade" time="700">WindowOpen</animation>
    <animation effect="fade" time="700">WindowClose</animation>
    <controls>
    
        <!--focused text color-->
        <control type="button" id="99">
            <visible>false</visible>
            <label>0xFF000000</label>
        </control>
        
        <!--text color-->
        <control type="button" id="100">
            <visible>false</visible>
            <label>0xFFFFFFFF</label>
        </control>
        
        <!--text font-->
        <control type="button" id="105">
            <visible>false</visible>
            <label>font14</label>
        </control>
                
        <!--EPG Background-->
        <control type="image">
            <description>Info Background</description>
            <posx>0</posx>
            <posy>0</posy>
            <width>1280</width>
            <height>720</height>
            <texture>pstvlBackground.png</texture>
            <colordiffuse>FFFFFFFF</colordiffuse>
        </control>     
        
        <!-- #### Skinners Include Everything for videowindow patch to work #### -->
        <!-- PATCH START --> <!-- 
        <control type="videowindow">
            <description>video</description>
            <posx>753</posx>
            <posy>0</posy>
            <width>528</width>
            <height>291</height>
            <aspectratio>keep</aspectratio>
        </control>
        --> <!-- PATCH END -->
        <!-- ################################################################## -->

        <!--NowPlaying.Window-->>
        <control type="group">  
            <posx>753</posx>
            <posy>0</posy>   
            <control type="button" id="507">
                <description>Dynamic art</description>
                <label>landscape</label>
                <visible>false</visible>
            </control>
            <control type="image" id="508">
                <description>Dynamic art</description>
                <colordiffuse>FFFFFFFF</colordiffuse>
                <width>528</width>
                <height>291</height>
                <align>center</align>
                <aspectratio>scale</aspectratio>
            </control> 
        </control>  
        <control type="image" id="511">
            <description>Sickbeard/Couchpotato Icon</description>   
            <posx>221</posx>
            <posy>630</posy>         
            <width>20</width>
            <height>20</height>
            <aspectratio>scale</aspectratio>
            <visible></visible>
        </control> 
        <control type="image" id="512">
            <description>Unaired NEW Icon</description>         
            <posx>20</posx>
            <posy>528</posy>  
            <width>100</width>
            <height>100</height>
            <aspectratio>keep</aspectratio>
            <visible></visible>
        </control>
        <!--Date-->
        <control type="grouplist">             
            <posx>25</posx>    
            <posy>292</posy>
            <itemgap>100</itemgap>
            <orientation>horizontal</orientation>
		<control type="label" id="104">
            <description>Date Label</description>
            <width>240</width>
            <height>60</height>
            <label>Current Date</label>
            <font>font14</font>
            <align>left</align>
            <aligny>center</aligny>
            <textcolor>FFFFFFFF</textcolor>
        </control>
         <control type="label" id="101">
            <description>Time Left Label</description>
            <width>240</width>
            <height>60</height>
            <label>Time 1</label>
            <font>font14</font>
            <align>left</align>
            <aligny>center</aligny>
            <textcolor>FFFFFFFF</textcolor>
        </control>
		<control type="label" id="102">
            <description>Time Middle Label</description>
            <width>240</width>
            <height>60</height>
            <label>Time 2</label>
            <font>font14</font>
            <align>left</align>
            <aligny>center</aligny>
            <textcolor>FFFFFFFF</textcolor>
        </control>
		<control type="label" id="103">
            <description>Time Right Label</description>
            <width>240</width>
            <height>60</height>
            <label>Time 3</label>
            <font>font14</font>
            <align>left</align>
            <aligny>center</aligny>
            <textcolor>FFFFFFFF</textcolor>
        </control>
    </control>
<!--Dark Column-->    
       <control type="image" id="503">
            <description>Show Channel Icon</description>
            <posx>-40</posx>
            <posy>680</posy>
            <width>180</width>
            <height>40</height>
            <aspectratio>keep</aspectratio>
            <align>left</align>
            <aligny>center</aligny>
            <visible>false</visible>
        </control>              
        <control type="grouplist">
            <posx>55</posx>
            <posy>145</posy>
            <align>left</align>
            <aligny>top</aligny>
            <orientation>horizontal</orientation>
            <itemgap>5</itemgap>
            <control type="label" id="500">
                <description>Show Name Label</description>
                <width min="55" max="600">auto</width>
                <height>20</height>
                <font>font14</font>
                <textcolor>FFFFFF99</textcolor>
                <scroll>true</scroll>
                <wrapmultiline>false</wrapmultiline>
                <scrollspeed>50</scrollspeed>
                <scrollsuffix> - </scrollsuffix>
            </control>
            <control type="label">
                <description>Showtitle Sep Label</description>
                <width>10</width>
                <height>20</height>
                <label>�</label>
                <font>font14</font>
                <textcolor>FFFFFFFF</textcolor>
            </control>
            <control type="label" id="501">
                <description>Show Title Label</description>
                <width min="55" max="600">auto</width>
                <height>20</height>
                <font>font14</font>
                <textcolor>FFFFFFFF</textcolor>
                <scroll>true</scroll>
                <wrapmultiline>false</wrapmultiline>
                <scrollspeed>50</scrollspeed>
                <scrollsuffix> - </scrollsuffix>
            </control>
        </control>
        <control type="label" id="502">
            <description>Show Description</description>
            <posx>55</posx>
            <posy>175</posy>
            <width>600</width>
            <height>60</height>
            <align>left</align>
            <aligny>bottom</aligny>
            <textcolor>FFFFFFFF</textcolor>
            <font>font14</font>
            <wrapmultiline>true</wrapmultiline>
            <autoscroll time="1000" delay="1000" repeat="2000">Skin.HasSetting(AutoScroll)</autoscroll>
        </control>
        <control type="grouplist">            
            <posx>0</posx>    
            <posy>352</posy>
            <itemgap>1</itemgap>
            <orientation>vertical</orientation>
            <!--CHANNEL Number-->
            <control type="label" id="311">
                <description>Channel 1 Number</description>
                <width>40</width>
                <height>60</height>
                <label></label>
                <font>font14</font>
                <align>right</align>
                <aligny>center</aligny>
                <textcolor>FF000000 </textcolor>
            </control>
            <control type="label" id="312">
                <description>Channel 2 Number</description>
                <width>40</width>
                <height>60</height>
                <label></label>
                <font>font14</font>
                <align>right</align>
                <aligny>center</aligny>
                <textcolor>FF000000 </textcolor>
            </control>
            <control type="label" id="313">
                <description>Channel 3 Number</description>
                <width>40</width>
                <height>60</height>
                <label></label>
                <font>font14</font>
                <align>right</align>
                <aligny>center</aligny>
                <textcolor>FF000000 </textcolor>
            </control>
            <control type="label" id="314">
                <description>Channel 4 Number</description>
                <width>40</width>
                <height>60</height>
                <label></label>
                <font>font14</font>
                <align>right</align>
                <aligny>center</aligny>
                <textcolor>FF000000 </textcolor>
            </control>
            <control type="label" id="315">
                <description>Channel 5 Number</description>
                <width>40</width>
                <height>60</height>
                <label></label>
                <font>font14</font>
                <align>right</align>
                <aligny>center</aligny>
                <textcolor>FF000000 </textcolor>
            </control>      
            <control type="label" id="316">
                <description>Channel 6 Number</description>
                <width>40</width>
                <height>60</height>
                <label></label>
                <font>font14</font>
                <align>right</align>
                <aligny>center</aligny>
                <textcolor>FF000000 </textcolor>
            </control>
        </control>
        <control type="grouplist">             
            <posx>55</posx>    
            <posy>352</posy>
            <itemgap>1</itemgap>
            <orientation>vertical</orientation>
            <!--CHANNEL Name/Icon-->
            <control type="label" id="301">
                <description>Channel 1 Name</description>
                <width>200</width>
                <height>60</height>
                <label></label>
                <font>font14</font>
                <align>left</align>
                <aligny>center</aligny>
                <textcolor>FF000000 </textcolor>
                <visible>StringCompare(Control.GetLabel(321),)</visible>
            </control>
            <control type="image" id="321">
                <description>Channel 1 Icon</description>
                <width>200</width>
                <height>60</height>
                <align>left</align>
                <aligny>center</aligny>
                <aspectratio>keep</aspectratio>
                <visible>!StringCompare(Control.GetLabel(321),)</visible>
            </control>
            <control type="label" id="302">
                <description>Channel 2 Name</description>
                <width>200</width>
                <height>60</height>
                <label></label>
                <font>font14</font>
                <align>left</align>
                <aligny>center</aligny>
                <textcolor>FF000000 </textcolor>
                <visible>StringCompare(Control.GetLabel(322),)</visible>
            </control>
            <control type="image" id="322">
                <description>Channel 2 Icon</description>
                <width>200</width>
                <height>60</height>
                <align>left</align>
                <aligny>center</aligny>
                <aspectratio>keep</aspectratio>
                <visible>!StringCompare(Control.GetLabel(322),)</visible>
            </control>
            <control type="label" id="303">
                <description>Channel 3 Name</description>
                <width>200</width>
                <height>60</height>
                <label></label>
                <font>font14</font>
                <align>left</align>
                <aligny>center</aligny>
                <textcolor>FF000000 </textcolor>
                <visible>StringCompare(Control.GetLabel(323),)</visible>
            </control>
            <control type="image" id="323">
                <description>Channel 3 Icon</description>
                <width>200</width>
                <height>60</height>
                <align>left</align>
                <aligny>center</aligny>
                <aspectratio>keep</aspectratio>
                <visible>!StringCompare(Control.GetLabel(323),)</visible>
            </control>
            <control type="label" id="304">
                <description>Channel 4 Name</description>
                <width>200</width>
                <height>60</height>
                <label></label>
                <font>font14</font>
                <align>left</align>
                <aligny>center</aligny>
                <textcolor>FF000000 </textcolor>
                <visible>StringCompare(Control.GetLabel(324),)</visible>
            </control>
            <control type="image" id="324">
                <description>Channel 4 Icon</description>
                <width>200</width>
                <height>60</height>
                <align>left</align>
                <aligny>center</aligny>
                <aspectratio>keep</aspectratio>
                <visible>!StringCompare(Control.GetLabel(324),)</visible>
            </control>
            <control type="label" id="305">
                <description>Channel 5 Name</description>
                <width>200</width>
                <height>60</height>
                <label></label>
                <font>font14</font>
                <align>left</align>
                <aligny>center</aligny>
                <textcolor>FF000000 </textcolor>
                <visible>StringCompare(Control.GetLabel(325),)</visible>
            </control>
            <control type="image" id="325">
                <description>Channel 5 Icon</description>
                <width>200</width>
                <height>60</height>
                <align>left</align>
                <aligny>center</aligny>
                <aspectratio>keep</aspectratio>
                <visible>!StringCompare(Control.GetLabel(325),)</visible>
            </control>  
            <control type="label" id="306">
                <description>Channel 6 Name</description>
                <width>200</width>
                <height>60</height>
                <label></label>
                <font>font14</font>
                <align>left</align>
                <aligny>center</aligny>
                <textcolor>FF000000 </textcolor>
                <visible>StringCompare(Control.GetLabel(326),)</visible>
            </control>
            <control type="image" id="326">
                <description>Channel 6 Icon</description>
                <width>200</width>
                <height>60</height>
                <align>left</align>
                <aligny>center</aligny>
                <aspectratio>keep</aspectratio>
                <visible>!StringCompare(Control.GetLabel(326),)</visible>
            </control>   
        </control>      
        <!--SHOW LISTINGS-->
		<control type="group" id="111">
            <posx>258</posx>
            <posy>352</posy>
            <width>1080</width>
            <height>60</height>
        </control>
        <control type="group" id="112">
            <posx>258</posx>
            <posy>412</posy>
            <width>1080</width>
            <height>60</height>
        </control>
        <control type="group" id="113">
            <posx>258</posx>
            <posy>474</posy>
            <width>1080</width>
            <height>60</height>
        </control>
        <control type="group" id="114">
            <posx>258</posx>
            <posy>535</posy>
            <width>1080</width>
            <height>60</height>
        </control>
        <control type="group" id="115">
            <posx>258</posx>
            <posy>596</posy>
            <width>1080</width>
            <height>60</height>
        </control>
        <control type="group" id="116">
            <posx>258</posx>
            <posy>656</posy>
            <width>1080</width>
            <height>60</height>
        </control>
        <!-- Timebar -->
        <control type="image" id="120">
            <posx>258</posx>
            <posy>352</posy>
            <width>20</width>
            <height>365</height>
            <aspectratio>keep</aspectratio>
        </control>
    </controls>
</window>
