<?xml version="1.0" encoding="UTF-8"?>
<window>
    <coordinates>        
        <left>0</left>
        <top>0</top>
    </coordinates>
	<include>Animation_OpenCloseFade</include>
	<zorder>1</zorder>
    <controls>
		<include>Global_Background</include>
        <control type="label">
            <left>460</left>
			<top>70</top>
			<width>810</width>
			<height>38</height>
			<font>METF_TitleTextLarge</font>
			<textcolor>SettingsTitle</textcolor>
			<align>left</align>
			<aligny>center</aligny>
            <label>$LOCALIZE[19029] $LOCALIZE[10507]</label>
        </control>
        <control type="group" id="105">
            <top>130</top>
            <height>550</height>
            <control type="label">
                <left>455</left>
                <top>2</top>
                <width>160</width>
                <height>40</height>
                <align>left</align>
				<aligny>center</aligny>
				<font>METF_TitleText</font>
				<textcolor>GlobalHeading</textcolor>
                <label>$LOCALIZE[19029]</label>
            </control>
            <control type="label">
                <right>40</right>
                <top>2</top>
                <width>200</width>
                <height>40</height>
                <align>right</align>
				<aligny>center</aligny>
				<font>METF_TitleText</font>
				<textcolor>GlobalHeading</textcolor>
                <label>$LOCALIZE[33029]</label>
            </control>
			<control type="button" id="999">
				<description>Ok Button</description>
				<left>0</left>
				<top>75</top>
				<include>SettingsLabelLeft</include>
				<label>$LOCALIZE[186]</label>				
				<onleft>102</onleft>
				<onright>102</onright>
				<onup>103</onup>
				<ondown>103</ondown>				
				<onclick>PreviousMenu</onclick>
			</control>

           <control type="list" id="102">
                <description>All channels list</description>
                <left>440</left>
                <top>40</top>
				<onup>102</onup>
				<ondown>102</ondown>
                <onright>103</onright>
                <onleft>999</onleft>
                <width>840</width>
                <height>370</height>
                <itemgap>0</itemgap>
                <pagecontrol>103</pagecontrol>				
                <itemlayout height="40">
                    <control type="label">
                        <left>40</left>
                        <top>0</top>
                        <width>150</width>
                        <height>35</height>
                        <aligny>center</aligny>
                        <align>left</align>
                        <textcolor>white</textcolor>
						<font>METF_ContextValue</font>
                        <info>ListItem.Label</info>
                    </control>
                    <control type="label">
                        <left>800</left>
                        <top>0</top>
                        <width>420</width>
                        <height>35</height>
                        <aligny>center</aligny>
                        <align>right</align>
                        <textcolor>white</textcolor>
						<font>METF_ContextValue</font>
                        <info>ListItem.Label2</info>
                    </control>					
                </itemlayout>				
                <focusedlayout height="40">
                    <control type="image">
                        <width>840</width>
                        <height>35</height>
                        <texture border="3">ButtonFo.png</texture>
                    </control>
                    <control type="label">
                        <left>40</left>
                        <top>0</top>
                        <width>150</width>
                        <height>35</height>
                        <textcolor>SettingsTitle</textcolor>
                        <aligny>center</aligny>
                        <align>left</align>
						<font>METF_ContextValue</font>
                        <info>ListItem.Label</info>
                    </control>
                    <control type="label">
                        <left>800</left>
                        <top>0</top>
                        <width>420</width>
                        <height>35</height>
                        <aligny>center</aligny>
                        <align>right</align>
						<font>METF_ContextValue</font>
                        <textcolor>SettingsTitle</textcolor>
                        <info>ListItem.Label2</info>
                    </control>
                </focusedlayout>
            </control>
        </control>
		
		
		<!-- Controls for configuring a single channel -->
        <control type="group" id="106">
			<left>440</left>
            <top>130</top>
            <height>550</height>
            <control type="label" id="104">
				<left>15</left>
                <top>2</top>
                <width>160</width>
                <height>40</height>
                <align>left</align>
				<aligny>center</aligny>
				<font>METF_TitleText</font>
				<textcolor>GlobalHeading</textcolor>
            </control>
            <control type="label">
                <left>15</left>
                <top>50</top>
                <width>300</width>
                <height>35</height>
                <textcolor>white</textcolor>
                <aligny>center</aligny>
                <align>left</align>
				<font>METF_ContextValue</font>
                <label>$LOCALIZE[19029] $LOCALIZE[35501]:</label>
            </control>
            <control type="label" id="109">
                <right>120</right>
                <top>50</top>
                <width>300</width>
                <height>35</height>
                <textcolor>white</textcolor>
                <aligny>center</aligny>
                <align>right</align>
				<font>METF_ContextValue</font>
            </control>
            <control type="button" id="110">
                <left>750</left>
                <top>50</top>
                <width>35</width>
                <height>35</height>
                <texturefocus>ArrowDownFo.png</texturefocus>
                <texturenofocus>ArrowDownNF.png</texturenofocus>
                <onleft>111</onleft>
                <onright>111</onright>
				<onup>112</onup>
				<ondown>113</ondown>
            </control>
			<control type="button" id="111">
                <left>785</left>
                <top>50</top>
                <width>35</width>
                <height>35</height>
                <texturefocus>ArrowUpFo.png</texturefocus>
                <texturenofocus>ArrowUpNF.png</texturenofocus>
                <onleft>110</onleft>
                <onright>110</onright>
				<onup>112</onup>
				<ondown>113</ondown>
            </control>
			<control type="button" id="114">
                <left>-440</left>
                <top>5</top>
                <include>SettingsLabelLeft</include>
                <label>$LOCALIZE[19029] $LOCALIZE[5]</label>
                <onup>112</onup>
                <ondown>113</ondown>
				<onleft>110</onleft>
                <onright>110</onright>
            </control>
			<control type="button" id="113">
				<left>-440</left>
				<top>40</top>
				<include>SettingsLabelLeft</include>
				<label>$LOCALIZE[222]</label> 				
				<onup>114</onup>
				<ondown>112</ondown>
				<onleft>110</onleft>
                <onright>110</onright>
			</control>
			<control type="button" id="112">
				<left>-440</left>
				<top>75</top>
				<include>SettingsLabelLeft</include>
				<label>$LOCALIZE[186]</label> 				
				<onup>113</onup>
				<ondown>114</ondown>
				<onleft>110</onleft>
                <onright>110</onright>
			</control>						
        </control>
		
        <!-- Controls for type Custom Playlist -->
        
		<control type="group" id="120">
            <left>440</left>
            <top>135</top>
            <height>550</height>						
            <control type="label">
                <left>15</left>
                <top>80</top>
                <width>200</width>
                <height>35</height>
                <textcolor>white</textcolor>
                <label>$LOCALIZE[559]:</label>
				<font>METF_ContextValue</font>
                <aligny>center</aligny>
                <align>left</align>
            </control>			
            <control type="button" id="130">
                <left>150</left>
                <top>82</top>
                <width>670</width>
                <height>35</height>
				<textoffsetx>20</textoffsetx>
				<font>METF_ContextValue</font>
				<aligny>center</aligny>
				<align>left</align>
				<texturefocus border="3">ButtonFo.png</texturefocus>
				<texturenofocus colordiffuse="55FFFFFF">ButtonFo.png</texturenofocus>
                <onup>110</onup>
				<ondown>112</ondown>				
            </control>
        </control>

        <!-- Controls for type TV Network -->
        <control type="group" id="121">     
            <left>440</left>
            <top>135</top>
            <height>550</height>
            <control type="label">
                <left>15</left>
                <top>80</top>
                <width>300</width>
                <height>35</height>
                <textcolor>white</textcolor>
                <label>$LOCALIZE[705]:</label>
				<font>METF_ContextValue</font>
                <aligny>center</aligny>
                <align>left</align>
            </control>
            <control type="label" id="142">
                <right>120</right>
                <top>80</top>
                <width>300</width>
                <height>35</height>
                <textcolor>white</textcolor>
                <aligny>center</aligny>
                <align>right</align>
				<font>METF_ContextValue</font>
            </control>
            <control type="button" id="140">
                <left>750</left>
                <top>80</top>
                <width>35</width>
                <height>35</height>
                <texturefocus>ArrowDownFo.png</texturefocus>
                <texturenofocus>ArrowDownNF.png</texturenofocus>
                <onup>110</onup>
				<ondown>112</ondown>
                <onleft>141</onleft>
                <onright>141</onright>
            </control>
            <control type="button" id="141">
                <left>785</left>
                <top>80</top>
                <width>35</width>
                <height>35</height>
                <texturefocus>ArrowUpFo.png</texturefocus>
                <texturenofocus>ArrowUpNF.png</texturenofocus>
                <onup>111</onup>
				<ondown>112</ondown>
                <onleft>140</onleft>
                <onright>140</onright>
            </control>
        </control>

        <!-- Controls for type Movie Studio -->
        <control type="group" id="122">
            <left>440</left>
            <top>135</top>
            <height>550</height>
            <control type="label">
                <left>15</left>
                <top>80</top>
                <width>300</width>
                <height>35</height>
                <textcolor>white</textcolor>
                <label>$LOCALIZE[572]:</label>
				<font>METF_ContextValue</font>
                <aligny>center</aligny>
                <align>left</align>
            </control>
            <control type="label" id="152">
                <right>120</right>
                <top>80</top>
                <width>300</width>
                <height>35</height>
                <textcolor>white</textcolor>
                <aligny>center</aligny>
                <align>right</align>
				<font>METF_ContextValue</font>
            </control>
            <control type="button" id="150">
                <left>750</left>
                <top>80</top>
                <width>35</width>
                <height>35</height>
                <texturefocus>ArrowDownFo.png</texturefocus>
                <texturenofocus>ArrowDownNF.png</texturenofocus>
                <onup>110</onup>
				<ondown>112</ondown>
                <onleft>151</onleft>
                <onright>151</onright>
            </control>
            <control type="button" id="151">
                <left>785</left>
                <top>80</top>
                <width>35</width>
                <height>35</height>
                <texturefocus>ArrowUpFo.png</texturefocus>
                <texturenofocus>ArrowUpNF.png</texturenofocus>
                <onup>111</onup>
				<ondown>112</ondown>
                <onleft>150</onleft>
                <onright>150</onright>
            </control>
        </control>

        <!-- Controls for type TV Genre -->
        <control type="group" id="123">
            <left>440</left>
            <top>135</top>
            <height>550</height>
            <control type="label">
                <left>15</left>
                <top>80</top>
                <width>300</width>
                <height>35</height>
                <textcolor>white</textcolor>
                <label>$LOCALIZE[515]:</label>
				<font>METF_ContextValue</font>
                <aligny>center</aligny>
                <align>left</align>
            </control>
            <control type="label" id="162">
                <right>120</right>
                <top>80</top>
                <width>300</width>
                <height>35</height>
                <textcolor>white</textcolor>
                <aligny>center</aligny>
                <align>right</align>
				<font>METF_ContextValue</font>
            </control>
            <control type="button" id="160">
                <left>750</left>
                <top>80</top>
                <width>35</width>
                <height>35</height>
                <texturefocus>ArrowDownFo.png</texturefocus>
                <texturenofocus>ArrowDownNF.png</texturenofocus>
                <onup>110</onup>
				<ondown>112</ondown>
                <onleft>161</onleft>
                <onright>161</onright>
            </control>
            <control type="button" id="161">
                <left>785</left>
                <top>80</top>
                <width>35</width>
                <height>35</height>
                <texturefocus>ArrowUpFo.png</texturefocus>
                <texturenofocus>ArrowUpNF.png</texturenofocus>
                <onup>111</onup>
				<ondown>112</ondown>
                <onleft>160</onleft>
                <onright>160</onright>
            </control>
        </control>

        <!-- Controls for type Movie Genre -->
        <control type="group" id="124">
            <left>440</left>
            <top>135</top>
            <height>550</height>
            <control type="label">
                <left>15</left>
                <top>80</top>
                <width>300</width>
                <height>35</height>
                <textcolor>white</textcolor>
                <label>$LOCALIZE[515]:</label>
				<font>METF_ContextValue</font>
                <aligny>center</aligny>
                <align>left</align>
            </control>
            <control type="label" id="172">
                <right>120</right>
                <top>80</top>
                <width>300</width>
                <height>35</height>
                <textcolor>white</textcolor>
                <aligny>center</aligny>
                <align>right</align>
				<font>METF_ContextValue</font>
            </control>		
            <control type="button" id="170">
                <left>750</left>
                <top>80</top>
                <width>35</width>
                <height>35</height>
                <texturefocus>ArrowDownFo.png</texturefocus>
                <texturenofocus>ArrowDownNF.png</texturenofocus>
                <onup>110</onup>
				<ondown>112</ondown>
                <onleft>171</onleft>
                <onright>171</onright>
            </control>
            <control type="button" id="171">
                <left>785</left>
                <top>80</top>
                <width>35</width>
                <height>35</height>
                <texturefocus>ArrowUpFo.png</texturefocus>
                <texturenofocus>ArrowUpNF.png</texturenofocus>
                <onup>111</onup>
				<ondown>112</ondown>
                <onleft>170</onleft>
                <onright>170</onright>
            </control>
        </control>

        <!-- Controls for type Mixed Genre -->
        <control type="group" id="125">
            <left>440</left>
            <top>135</top>
            <height>550</height>
            <control type="label">
				<left>15</left>
                <top>80</top>
                <width>300</width>
                <height>35</height>
                <textcolor>white</textcolor>
                <label>$LOCALIZE[515]:</label>
				<font>METF_ContextValue</font>
                <aligny>center</aligny>
                <align>left</align>
            </control>
            <control type="label" id="182">
                <right>120</right>
                <top>80</top>
                <width>300</width>
                <height>35</height>
                <textcolor>white</textcolor>
                <aligny>center</aligny>
                <align>right</align>
				<font>METF_ContextValue</font>
            </control>
            <control type="button" id="180">
                <left>750</left>
                <top>80</top>
                <width>35</width>
                <height>35</height>
                <texturefocus>ArrowDownFo.png</texturefocus>
                <texturenofocus>ArrowDownNF.png</texturenofocus>
                <onup>110</onup>
				<ondown>112</ondown>
                <onleft>181</onleft>
                <onright>181</onright>
            </control>
            <control type="button" id="181">
                <left>785</left>
                <top>80</top>
                <width>35</width>
                <height>35</height>
                <texturefocus>ArrowUpFo.png</texturefocus>
                <texturenofocus>ArrowUpNF.png</texturenofocus>
                <onup>111</onup>
				<ondown>112</ondown>
                <onleft>180</onleft>
                <onright>180</onright>
            </control>
        </control>

        <!-- Controls for type TV Show -->
        <control type="group" id="126">
            <left>440</left>
            <top>135</top>
            <height>550</height>
            <control type="label">
                <left>15</left>
                <top>80</top>
                <width>300</width>
                <height>35</height>
                <textcolor>white</textcolor>
                <label>$LOCALIZE[20364]:</label>
				<font>METF_ContextValue</font>
                <aligny>center</aligny>
                <align>left</align>
            </control>
            <control type="label" id="192">
                <right>120</right>
                <top>80</top>
                <width>300</width>
                <height>35</height>
                <textcolor>white</textcolor>
                <aligny>center</aligny>
                <align>right</align>
				<font>METF_ContextValue</font>
            </control>
            <control type="button" id="190">
                <left>750</left>
                <top>80</top>
                <width>35</width>
                <height>35</height>
                <texturefocus>ArrowDownFo.png</texturefocus>
                <texturenofocus>ArrowDownNF.png</texturenofocus>
                <onup>110</onup>
                <ondown>194</ondown>
                <onleft>191</onleft>
                <onright>191</onright>
            </control>
            <control type="button" id="191">
                <left>785</left>
                <top>80</top>
                <width>35</width>
                <height>35</height>
                <texturefocus>ArrowUpFo.png</texturefocus>
                <texturenofocus>ArrowUpNF.png</texturenofocus>
                <onup>111</onup>
                <ondown>194</ondown>
                <onleft>190</onleft>
                <onright>190</onright>
            </control>           
			<control type="radiobutton" id="194">
				<description>Default RadioButton</description>
				<left>10</left>
                <top>120</top>
				<width>810</width>
				<height>35</height>
				<font>METF_ContextValue</font>
				<texturefocus border="3">ButtonFo.png</texturefocus>
				<texturenofocus colordiffuse="55FFFFFF">ButtonFo.png</texturenofocus>
				<align>left</align>
				<onup>190</onup>
				<ondown>112</ondown>
				<label>$LOCALIZE[581] ($LOCALIZE[20359])</label>
				<textoffsetx>5</textoffsetx>
			</control>          
        </control>
		
		<!-- Controls for type Directory -->
        <control type="group" id="127">           
            <left>440</left>
            <top>135</top>
            <height>550</height>
            <control type="label">
                <left>15</left>
                <top>80</top>
                <width>300</width>
                <height>35</height>
				<font>METF_ContextValue</font>
                <label>$LOCALIZE[16015]:</label>
                <aligny>center</aligny>
                <align>left</align>
            </control>
            <control type="button" id="200">
                <left>170</left>
                <top>82</top>
                <width>650</width>
                <height>35</height>
				<font>METF_ContextValue</font>
				<textoffsetx>20</textoffsetx>
				<texturefocus border="3">ButtonFo.png</texturefocus>
				<texturenofocus colordiffuse="55FFFFFF">ButtonFo.png</texturenofocus>
				<aligny>center</aligny>
				<align>right</align>
                <onup>110</onup>
                <ondown>112</ondown>
            </control>
		</control>
		<control type="scrollbar" id="103">
			<left>1265</left>
			<top>110</top>
			<width>30</width>
			<height>468</height>
			<visible allowhiddenfocus="true">Control.IsVisible(102) + Control.HasFocus(103)</visible>
			<texturesliderbackground>-</texturesliderbackground>
			<textureslidernib>ScrollBarV_Nib_Focus.png</textureslidernib>
			<textureslidernibfocus>ScrollBarV_Nib_Focus.png</textureslidernibfocus>
			<onleft>102</onleft>
			<onright>103</onright>
			<showonepage>true</showonepage>
			<orientation>vertical</orientation>
			<animation effect="fade" start="0" end="100" time="400" condition="Control.IsVisible(102) + Control.HasFocus(103)">Conditional</animation>
		</control>
        <include>Global_Weather</include>
		<include>Global_Time</include>
    </controls>
</window>